 /* product table demo data */
insert into product (id, name, price, type, description, is_active, created_at, updated_at)

values
  /* sofas -----------> */
(1001, 'Fava Sofa', 749.00, 'Sofa',
  'The Fava sofa offers up a perfect look and feel when you need a place to unwind.',
  true, null, null),

(1002, 'Barcelona II Reclining Sofa', 799.00, 'Sofa',
  'The Barcelona II sofa offers the best of supportive comfort and classic style.',
  true, null, null),

(1003, 'Caitlyn Sofa', 499.00, 'Sofa',
  'If you''ve been looking for a smaller-sized sofa that doesn''t sacrifice style or comfort, then your search stops here!',
  true, null, null),

(1004, 'Devon Reclining Sofa', 999.00, 'Sofa',
  'Firm webbed seating provides long-lasting support, and the convenient size maximizes space for your versatile lifestyle.',
  true, null, null),

(1005, 'Alabama Reclining Sofa', 899.00, 'Sofa',
  'Upholstered in a deep brown microfibre, the Alabama will add richness and a soft touch to your home, while retaining a sense of toughness.',
  true, null, null),
  /* <---------- sofas */

  /* chairs -----------> */
(1006, 'Santos Accent Chair', 199.00, 'Chair',
  'The Santos accent chair features a chic, no-frills contemporary look with an armless design.',
  true, null, null),

(1007, 'Crizia Chair', 699.00, 'Chair',
  'Contemporary yet comfortable style is on display with the Crizia chair, featuring clean lines and cozy charm.',
  true, null, null),

(1008, 'Stella Accent Chair', 399.00, 'Chair',
  'The Stella accent chair exudes comfort and classic club chair style updated for the modern home.',
  true, null, null),

(1009, 'Anthena Chair', 329.00, 'Chair',
  'With the Anthena chair in charcoal, you get superior comfort without sacrificing style.',
  true, null, null),

(1010, 'Zia Accent Chair', 429.00, 'Chair',
  'The Zia accent char boasts mid-century modern style for an on-trend retro look in your living area.',
  true, null, null),
  /* <----------- chairs */
  
  /* tables -----------> */
(1011, 'Manila Lift-Top Coffee Table', 299.00, 'Table',
  'With its bold clean lines and dark grey finish, this occasional coffee table adds modern beauty to your home.',
  true, null, null),

(1012, 'Madeira Coffee Table and Two End Tables', 647.00, 'Table',
  'This is a collection harmonizes traditional detail with functional design to accommodate today''s style.',
  true, null, null),

(1013, 'Pinebrook Condo Coffee Table', 399.00, 'Table',
  'Urban Remix. Rustic styling and industrial flavour converge in the Pinebrook condo coffee table.',
  true, null, null),

(1014, 'Gable Lift-Top Coffee Table', 499.00, 'Table',
  'Country-Style Details. The Gable coffee table brings contemporary style with a hint of rustic charm to your living room.',
  true, null, null),

(1015, 'Madeira Coffee Table - Walnut', 249.00, 'Table',
  'This coffee table is a collection harmonizes traditional detail with functional design to accommodate today''s style.',
  true, null, null);
  /* <----------- table */
 
 /* shop table demo data */
insert into shop (id, name, city, state, address, phone, created_at, updated_at)
values
(1001, 'Echo Furniture', 'San Francisco', 'CA', '2222 21th St Noe Valley', '(444) 666-3344', null, null),
(1002, 'Today’s Furniture', 'Portland', 'OR', '4244 Frank St', '(333) 667-2255', null, null),
(1003, 'Furniture Envy', 'San Jose', 'CA', '300 Springs Rd', '(343) 988-2211', null, null),
(1004, 'Room & Board', 'San Francisco ', 'CA', '925 E Richmond Ave', '(888) 909-3432', null, null),
(1005, 'Furniture Innovation', 'Las Vegas', 'NV', '1108 Hattie St', '(415) 666-3344', null, null),
(1006, 'Bedroom & More', 'Portland', 'OR', '1329 Magnolia Ave', '(415) 666-3344', null, null),
(1007, 'Monument', 'San Francisco', 'CA', '2900 88th St', '(415) 711-3344', null, null),
(1008, 'Modern Details', 'Los Angeles', 'CA', '1500 55th St', '(415) 321-3564', null, null);

/* employees table */
insert into employee (id, first_name, last_name, email, phone, shop_id, role)
values
(1001, 'Larry', 'Popp', 'LarryJPopp@superrito.com', '440-498-9021', 1008, 'Assistant'),
(1002, 'Mary', 'Crocker', 'MaryBCrocker@einrot.com', '570-823-2639', 1001, 'Administrator'),
(1003, 'Bette', 'Quist', 'BetteWQuist@fleckens.hu', '209-727-8580', 1007, 'Administrator'),
(1004, 'Elizabeth', 'Miller', 'ElizabethJMiller@cuvox.de', '315-742-4912', 1004, 'Merchandizer'),
(1005, 'Robert', 'Bernal', 'RobertJBernal@dayrep.com', '907-886-5099', 1006, 'Merchandizer'),
(1006, 'Rachel', 'Graber', 'RachelJGraber@cuvox.de', '504-457-6471', 1004, 'Assistant'),
(1007, 'Elsie', 'Garcia', 'ElsieBGarcia@rhyta.com', '516-869-6843', 1002, 'Assistant'),
(1008, 'Marshall', 'Miller', 'MarshallLMiller@dayrep.com', '646-955-9252', 1008, 'Merchandizer'),
(1009, 'Bryan', 'Carrasco', 'BryanMCarrasco@dayrep.com', '405-208-0219', 1005, 'Assistant'),
(1010, 'Christopher', 'Tyrrell', 'ChristopherMTyrrell@teleworm.us', '586-413-0849', 1004, 'Merchandizer'),
(1011, 'Rita', 'Rodriguez', 'RitaCRodriguez@superrito.com', '954-703-1261', 1004, 'Assistant'),
(1012, 'Erma', 'Darnell', 'ErmaCDarnell@fleckens.hu', '973-776-4855', 1007, 'Administrator'),
(1013, 'Misty', 'Monroe', 'MistyRMonroe@teleworm.us', '773-625-6720', 1002, 'Administrator'),
(1014, 'William', 'Kenyon', 'WilliamCKenyon@fleckens.hu', '562-866-0411', 1001, 'Merchandizer'),
(1015, 'Robert', 'Burgess', 'RobertDBurgess@teleworm.us', '903-780-0837', 1002, 'Assistant'),
(1016, 'Virginia', 'Northern', 'VirginiaRNorthern@dayrep.com', '301-705-0126', 1002, 'Assistant'),
(1017, 'Valerie', 'Jenkins', 'ValerieRJenkins@rhyta.com', '419-229-7737', 1001, 'Assistant'),
(1018, 'Jermaine', 'Schroeder', 'JermaineGSchroeder@rhyta.com', '973-319-5118', 1001, 'Merchandizer'),
(1019, 'Cordell', 'Evans', 'CordellCEvans@rhyta.com', '231-678-7547', 1003, 'Assistant'),
(1020, 'Sarah', 'Vega', 'SarahTVega@jourrapide.com', '971-215-6547', 1006, 'Assistant'),
(1021, 'Carlos', 'Jolly', 'CarlosEJolly@rhyta.com', '920-645-3561', 1001, 'Merchandizer'),
(1022, 'Goldie', 'Damian', 'GoldieEDamian@cuvox.de', '415-368-2982', 1001, 'Administrator'),
(1023, 'Paul', 'Brennen', 'PaulRBrennen@cuvox.de', '312-482-5361', 1001, 'Administrator'),
(1024, 'Carol', 'Perez', 'CarolJPerez@gustr.com', '775-548-1253', 1004, 'Merchandizer'),
(1025, 'Steven', 'Simmons', 'StevenHSimmons@teleworm.us', '608-314-5459', 1007, 'Assistant'),
(1026, 'Angela', 'Helton', 'AngelaCHelton@rhyta.com', '509-328-1115', 1004, 'Assistant'),
(1027, 'Nikita', 'Rodriquez', 'NikitaRRodriquez@dayrep.com', '606-313-6796', 1004, 'Assistant'),
(1028, 'Jenifer', 'Lynch', 'JeniferHLynch@einrot.com', '205-609-5317', 1003, 'Administrator'),
(1029, 'Mary', 'Jackson', 'MaryRJackson@teleworm.us', '347-232-6849', 1008, 'Administrator'),
(1030, 'Trina', 'McCoy', 'TrinaEMcCoy@rhyta.com', '323-384-1993', 1001, 'Administrator'),
(1031, 'Kelly', 'Blakely', 'KellyJBlakely@teleworm.us', '216-450-3322', 1008, 'Assistant'),
(1032, 'James', 'Richardson', 'JamesERichardson@gustr.com', '979-775-4554', 1002, 'Administrator'),
(1033, 'Eleanor', 'Ledbetter', 'EleanorRLedbetter@einrot.com', '402-621-3631', 1007, 'Assistant'),
(1034, 'John', 'Davidson', 'JohnHDavidson@jourrapide.com', '808-276-7826', 1008, 'Merchandizer'),
(1035, 'Shawn', 'Gallager', 'ShawnCGallager@jourrapide.com', '916-427-2761', 1001, 'Merchandizer'),
(1036, 'Sallie', 'Duncan', 'SallieRDuncan@jourrapide.com', '231-414-3621', 1001, 'Administrator'),
(1037, 'Patricia', 'Knight', 'PatriciaEKnight@einrot.com', '817-378-6647', 1002, 'Assistant'),
(1038, 'Lisa', 'Espinosa', 'LisaEEspinosa@rhyta.com', '806-495-7018', 1005, 'Merchandizer'),
(1039, 'James', 'Willard', 'JamesAWillard@superrito.com', '865-595-6816', 1008, 'Merchandizer'),
(1040, 'Carolyn', 'Swindle', 'CarolynRSwindle@einrot.com', '917-205-8430', 1005, 'Assistant'),
(1041, 'Lisa', 'Scott', 'LisaPScott@cuvox.de', '267-545-5574', 1001, 'Administrator'),
(1042, 'Terry', 'Coen', 'TerryMCoen@gustr.com', '310-677-6852', 1003, 'Merchandizer'),
(1043, 'Gregorio', 'Taylor', 'GregorioETaylor@armyspy.com', '406-433-9709', 1007, 'Assistant'),
(1044, 'Mildred', 'Wilbourn', 'MildredAWilbourn@einrot.com', '910-667-1751', 1003, 'Merchandizer'),
(1045, 'Maria', 'Mayton', 'MariaTMayton@jourrapide.com', '828-504-6176', 1007, 'Merchandizer'),
(1046, 'Jennifer', 'Morgan', 'JenniferEMorgan@superrito.com', '606-239-8274', 1008, 'Merchandizer'),
(1047, 'Mildred', 'Cruz', 'MildredCCruz@gustr.com', '646-312-7255', 1002, 'Merchandizer'),
(1048, 'Judson', 'Lemieux', 'JudsonPLemieux@cuvox.de', '347-282-2746', 1002, 'Administrator'),
(1049, 'James', 'Watson', 'JamesVWatson@jourrapide.com', '336-389-2376', 1001, 'Merchandizer'),
(1050, 'Marilyn', 'Herbert', 'MarilynJHerbert@fleckens.hu', '650-997-9836', 1008, 'Administrator'),
(1051, 'Jennifer', 'Baker', 'JenniferHBaker@rhyta.com', '508-636-8386', 1005, 'Administrator'),
(1052, 'Lucy', 'Holland', 'LucyWHolland@cuvox.de', '716-740-5635', 1004, 'Assistant'),
(1053, 'Thomas', 'Cheney', 'ThomasLCheney@teleworm.us', '217-699-9422', 1001, 'Administrator'),
(1054, 'Jeffery', 'Gulick', 'JefferyBGulick@teleworm.us', '901-896-1930', 1003, 'Administrator'),
(1055, 'Daniel', 'Oviedo', 'DanielROviedo@cuvox.de', '972-834-8553', 1006, 'Administrator'),
(1056, 'Micah', 'Carroll', 'MicahKCarroll@rhyta.com', '313-336-0245', 1004, 'Merchandizer'),
(1057, 'Wilma', 'Keith', 'WilmaDKeith@dayrep.com', '740-801-9956', 1004, 'Administrator'),
(1058, 'Kathryn', 'Hagan', 'KathrynRHagan@fleckens.hu', '412-576-5464', 1006, 'Assistant'),
(1059, 'Lydia', 'Weeks', 'LydiaJWeeks@fleckens.hu', '407-529-6783', 1006, 'Assistant'),
(1060, 'Christine', 'Heal', 'ChristineDHeal@teleworm.us', '973-628-1650', 1001, 'Administrator'),
(1061, 'Clara', 'Reyes', 'ClaraMReyes@cuvox.de', '507-546-3456', 1002, 'Administrator'),
(1062, 'David', 'Sammons', 'DavidJSammons@cuvox.de', '740-477-6933', 1007, 'Administrator'),
(1063, 'James', 'Sheppard', 'JamesRSheppard@dayrep.com', '660-237-6174', 1006, 'Assistant'),
(1064, 'Randall', 'Everette', 'RandallDEverette@teleworm.us', '215-351-3376', 1008, 'Administrator'),
(1065, 'Kenneth', 'Carter', 'KennethDCarter@superrito.com', '701-273-7991', 1001, 'Merchandizer'),
(1066, 'Justin', 'Lewis', 'JustinMLewis@rhyta.com', '408-716-0115', 1002, 'Administrator'),
(1067, 'Martin', 'Christopherso', 'MartinBChristopherso@einrot.com', '510-339-5021', 1004, 'Assistant'),
(1068, 'Harvey', 'Wallace', 'HarveyLWallace@superrito.com', '401-296-6079', 1008, 'Administrator'),
(1069, 'Jessica', 'Lamar', 'JessicaSLamar@rhyta.com', '360-343-2494', 1008, 'Administrator'),
(1070, 'Jacqueline', 'Landon', 'JacquelineCLandon@cuvox.de', '804-520-2478', 1006, 'Assistant'),
(1071, 'Richard', 'Cahill', 'RichardCCahill@armyspy.com', '212-466-0360', 1003, 'Merchandizer'),
(1072, 'Michaela', 'McDaniel', 'MichaelaLMcDaniel@jourrapide.com', '412-977-6787', 1008, 'Merchandizer'),
(1073, 'Jo', 'Waller', 'JoWWaller@dayrep.com', '269-764-8453', 1001, 'Administrator'),
(1074, 'Joseph', 'Foster', 'JosephRFoster@superrito.com', '309-401-1671', 1008, 'Merchandizer'),
(1075, 'Megan', 'Crain', 'MeganSCrain@dayrep.com', '724-754-9027', 1008, 'Merchandizer'),
(1076, 'Sabrina', 'Lee', 'SabrinaLLee@gustr.com', '781-852-2235', 1001, 'Merchandizer'),
(1077, 'Tammy', 'Garza', 'TammyJGarza@jourrapide.com', '909-207-7621', 1003, 'Administrator'),
(1078, 'Elma', 'Pearsall', 'ElmaJPearsall@dayrep.com', '832-216-1606', 1004, 'Merchandizer'),
(1079, 'David', 'Henderson', 'DavidBHenderson@gustr.com', '405-483-7597', 1005, 'Administrator'),
(1080, 'Frances', 'Schweigert', 'FrancesCSchweigert@jourrapide.com', '765-737-8653', 1002, 'Assistant'),
(1081, 'Pedro', 'Ward', 'PedroAWard@gustr.com', '863-654-3623', 1008, 'Administrator'),
(1082, 'Timothy', 'Shockley', 'TimothyGShockley@teleworm.us', '773-393-1886', 1002, 'Merchandizer'),
(1083, 'Charles', 'Harvey', 'CharlesGHarvey@cuvox.de', '562-558-1822', 1001, 'Assistant'),
(1084, 'Lupe', 'Berg', 'LupeKBerg@rhyta.com', '215-594-4008', 1004, 'Assistant'),
(1085, 'Robert', 'Burket', 'RobertEBurket@einrot.com', '312-260-7299', 1007, 'Merchandizer'),
(1086, 'Georgia', 'Kappler', 'GeorgiaAKappler@teleworm.us', '214-915-9392', 1003, 'Assistant'),
(1087, 'Lakendra', 'McNamara', 'LakendraSMcNamara@gustr.com', '201-635-1187', 1008, 'Assistant'),
(1088, 'Marcus', 'Bueno', 'MarcusRBueno@teleworm.us', '509-453-3810', 1003, 'Administrator'),
(1089, 'Kathleen', 'Bermudez', 'KathleenSBermudez@fleckens.hu', '662-456-9177', 1008, 'Assistant'),
(1090, 'William', 'Gomes', 'WilliamJGomes@teleworm.us', '310-340-3696', 1003, 'Administrator'),
(1091, 'Jeffery', 'Chatham', 'JefferyIChatham@rhyta.com', '724-509-8772', 1002, 'Merchandizer'),
(1092, 'Felicia', 'Leach', 'FeliciaJLeach@armyspy.com', '216-462-8653', 1003, 'Assistant'),
(1093, 'Oscar', 'Dillman', 'OscarKDillman@cuvox.de', '858-395-9257', 1008, 'Administrator'),
(1094, 'Luis', 'Belle', 'LuisABelle@rhyta.com', '979-647-1546', 1002, 'Merchandizer'),
(1095, 'Michael', 'Couch', 'MichaelECouch@armyspy.com', '870-420-5207', 1002, 'Administrator'),
(1096, 'Roy', 'Edwards', 'RoyBEdwards@teleworm.us', '507-296-8452', 1004, 'Merchandizer'),
(1097, 'Patty', 'Hill', 'PattyDHill@jourrapide.com', '802-706-3987', 1008, 'Assistant'),
(1098, 'Margie', 'Decker', 'MargieTDecker@einrot.com', '323-432-1625', 1003, 'Administrator'),
(1099, 'Keith', 'Strode', 'KeithMStrode@superrito.com', '860-667-6906', 1008, 'Merchandizer'),
(1100, 'Leonard', 'King', 'LeonardMKing@dayrep.com', '562-705-5686', 1002, 'Merchandizer'),
(1101, 'Reva', 'Rogers', 'RevaWRogers@cuvox.de', '218-270-2866', 1008, 'Merchandizer'),
(1102, 'Deborah', 'Bechtold', 'DeborahEBechtold@cuvox.de', '321-205-7576', 1002, 'Administrator'),
(1103, 'Suzanne', 'Kern', 'SuzanneFKern@cuvox.de', '928-819-8335', 1002, 'Administrator'),
(1104, 'Michael', 'Cleveland', 'MichaelACleveland@teleworm.us', '318-396-4496', 1004, 'Merchandizer'),
(1105, 'Nicholas', 'Jones', 'NicholasMJones@rhyta.com', '360-901-4287', 1007, 'Administrator'),
(1106, 'Rachel', 'Lugo', 'RachelJLugo@armyspy.com', '703-329-0719', 1006, 'Administrator'),
(1107, 'Lori', 'Crabtree', 'LoriSCrabtree@einrot.com', '919-394-6025', 1002, 'Administrator'),
(1108, 'Jeff', 'Davis', 'JeffKDavis@superrito.com', '918-543-2503', 1008, 'Assistant'),
(1109, 'Richard', 'Maillet', 'RichardDMaillet@armyspy.com', '812-939-9345', 1002, 'Administrator'),
(1110, 'Andre', 'Addison', 'AndreBAddison@superrito.com', '410-933-1416', 1007, 'Merchandizer'),
(1111, 'Miguel', 'Jackson', 'MiguelDJackson@armyspy.com', '979-318-2072', 1003, 'Administrator'),
(1112, 'Lauren', 'Stone', 'LaurenRStone@teleworm.us', '703-614-6619', 1005, 'Merchandizer'),
(1113, 'Mary', 'Drummer', 'MaryFDrummer@cuvox.de', '864-410-3277', 1007, 'Administrator'),
(1114, 'John', 'Hartford', 'JohnEHartford@cuvox.de', '646-463-1769', 1007, 'Assistant'),
(1115, 'Jeremy', 'Spradlin', 'JeremyNSpradlin@fleckens.hu', '817-560-9106', 1008, 'Administrator'),
(1116, 'Catherine', 'Silva', 'CatherineHSilva@fleckens.hu', '765-292-5181', 1008, 'Merchandizer'),
(1117, 'Larry', 'Harris', 'LarryMHarris@dayrep.com', '916-687-6828', 1006, 'Merchandizer'),
(1118, 'Matt', 'Jones', 'MattJJones@superrito.com', '816-635-9835', 1008, 'Merchandizer'),
(1119, 'Sheila', 'Greiner', 'SheilaGGreiner@jourrapide.com', '217-414-1103', 1008, 'Assistant'),
(1120, 'Kathryn', 'Johnston', 'KathrynMJohnston@dayrep.com', '972-773-8927', 1007, 'Merchandizer');

 /* shop_to_product table demo data */
insert into shop_to_product (shop_id, product_id, amount)
values
(1001, 1001, 100), (1001, 1002, 100), (1001, 1003, 100), (1001, 1004, 100),
(1001, 1005, 100), (1001, 1006, 100), (1001, 1007, 100), (1001, 1008, 100),
(1001, 1009, 100), (1001, 1010, 100), (1001, 1011, 100), (1001, 1012, 100),
(1001, 1013, 100), (1001, 1014, 100), (1001, 1015, 100), (1002, 1001, 100),
(1002, 1002, 100), (1002, 1003, 100), (1002, 1004, 100), (1002, 1005, 100),
(1002, 1006, 100), (1002, 1007, 100), (1002, 1008, 100), (1002, 1009, 100),
(1002, 1010, 100), (1002, 1011, 100), (1002, 1012, 100), (1002, 1013, 100),
(1002, 1014, 100), (1002, 1015, 100), (1003, 1001, 100), (1003, 1002, 100),
(1003, 1003, 100), (1003, 1004, 100), (1003, 1005, 100), (1003, 1006, 100),
(1003, 1007, 100), (1003, 1008, 100), (1003, 1009, 100), (1003, 1010, 100),
(1003, 1011, 100), (1003, 1012, 100), (1003, 1013, 100), (1003, 1014, 100),
(1003, 1015, 100),
(1004, 1001, 100),
(1004, 1002, 100),
(1004, 1003, 100),
(1004, 1004, 100),
(1004, 1005, 100),
(1004, 1006, 100),
(1004, 1007, 100),
(1004, 1008, 100),
(1004, 1009, 100),
(1004, 1010, 100),
(1004, 1011, 100),
(1004, 1012, 100),
(1004, 1013, 100),
(1004, 1014, 100),
(1004, 1015, 100),
(1005, 1001, 100),
(1005, 1002, 100),
(1005, 1003, 100),
(1005, 1004, 100),
(1005, 1005, 100),
(1005, 1006, 100),
(1005, 1007, 100),
(1005, 1008, 100),
(1005, 1009, 100),
(1005, 1010, 100),
(1005, 1011, 100),
(1005, 1012, 100),
(1005, 1013, 100),
(1005, 1014, 100),
(1005, 1015, 100),
(1006, 1001, 100),
(1006, 1002, 100),
(1006, 1003, 100),
(1006, 1004, 100),
(1006, 1005, 100),
(1006, 1006, 100),
(1006, 1007, 100),
(1006, 1008, 100),
(1006, 1009, 100),
(1006, 1010, 100),
(1006, 1011, 100),
(1006, 1012, 100),
(1006, 1013, 100),
(1006, 1014, 100),
(1006, 1015, 100),
(1007, 1001, 100),
(1007, 1002, 100),
(1007, 1003, 100),
(1007, 1004, 100),
(1007, 1005, 100),
(1007, 1006, 100),
(1007, 1007, 100),
(1007, 1008, 100),
(1007, 1009, 100),
(1007, 1010, 100),
(1007, 1011, 100),
(1007, 1012, 100),
(1007, 1013, 100),
(1007, 1014, 100),
(1007, 1015, 100),
(1008, 1001, 100),
(1008, 1002, 100),
(1008, 1003, 100),
(1008, 1004, 100),
(1008, 1005, 100),
(1008, 1006, 100),
(1008, 1007, 100),
(1008, 1008, 100),
(1008, 1009, 100),
(1008, 1010, 100),
(1008, 1011, 100),
(1008, 1012, 100),
(1008, 1013, 100),
(1008, 1014, 100),
(1008, 1015, 100);

insert into purchase (id, employee_id, registered_at)
values
(1001, 1076, '2019-03-01 00:51:38'),
(1002, 1078, '2019-03-01 01:03:48'),
(1003, 1105, '2019-03-01 01:11:08'),
(1004, 1015, '2019-03-01 01:23:02'),
(1005, 1071, '2019-03-01 01:39:43'),
(1006, 1002, '2019-03-01 01:39:57'),
(1007, 1086, '2019-03-01 02:10:57'),
(1008, 1099, '2019-03-01 02:11:09'),
(1009, 1015, '2019-03-01 02:50:26'),
(1010, 1002, '2019-03-01 02:53:22'),
(1011, 1026, '2019-03-01 03:12:36'),
(1012, 1106, '2019-03-01 03:19:59'),
(1013, 1104, '2019-03-01 03:30:38'),
(1014, 1083, '2019-03-01 03:59:32'),
(1015, 1060, '2019-03-01 03:59:43'),
(1016, 1093, '2019-03-01 04:02:43'),
(1017, 1078, '2019-03-01 04:09:56'),
(1018, 1022, '2019-03-01 04:32:57'),
(1019, 1109, '2019-03-01 05:03:18'),
(1020, 1040, '2019-03-01 05:20:11'),
(1021, 1009, '2019-03-01 05:38:58'),
(1022, 1045, '2019-03-01 05:44:05'),
(1023, 1092, '2019-03-01 06:17:51'),
(1024, 1050, '2019-03-01 06:19:30'),
(1025, 1103, '2019-03-01 06:25:26'),
(1026, 1112, '2019-03-01 06:29:16'),
(1027, 1069, '2019-03-01 07:12:09'),
(1028, 1057, '2019-03-01 07:19:44'),
(1029, 1045, '2019-03-01 07:43:23'),
(1030, 1109, '2019-03-01 07:56:22'),
(1031, 1076, '2019-03-01 08:01:06'),
(1032, 1052, '2019-03-01 08:44:47'),
(1033, 1084, '2019-03-01 08:48:35'),
(1034, 1057, '2019-03-01 09:01:00'),
(1035, 1023, '2019-03-01 09:05:17'),
(1036, 1068, '2019-03-01 09:16:36'),
(1037, 1064, '2019-03-01 09:38:23'),
(1038, 1117, '2019-03-01 09:40:05'),
(1039, 1095, '2019-03-01 10:08:36'),
(1040, 1088, '2019-03-01 10:09:09'),
(1041, 1039, '2019-03-01 10:32:48'),
(1042, 1115, '2019-03-01 10:38:08'),
(1043, 1049, '2019-03-01 11:04:05'),
(1044, 1049, '2019-03-01 11:10:26'),
(1045, 1020, '2019-03-01 11:13:37'),
(1046, 1113, '2019-03-01 11:52:07'),
(1047, 1064, '2019-03-01 11:52:56'),
(1048, 1063, '2019-03-01 11:59:12'),
(1049, 1038, '2019-03-01 12:23:23'),
(1050, 1032, '2019-03-01 12:33:00'),
(1051, 1110, '2019-03-01 13:06:56'),
(1052, 1077, '2019-03-01 13:21:05'),
(1053, 1006, '2019-03-01 13:48:16'),
(1054, 1030, '2019-03-01 14:37:11'),
(1055, 1047, '2019-03-01 15:22:56'),
(1056, 1081, '2019-03-01 15:38:33'),
(1057, 1087, '2019-03-01 15:59:54'),
(1058, 1074, '2019-03-01 16:23:58'),
(1059, 1004, '2019-03-01 16:31:50'),
(1060, 1058, '2019-03-01 16:35:04'),
(1061, 1092, '2019-03-01 17:19:17'),
(1062, 1068, '2019-03-01 17:30:56'),
(1063, 1105, '2019-03-01 18:26:48'),
(1064, 1050, '2019-03-01 18:27:55'),
(1065, 1087, '2019-03-01 18:28:17'),
(1066, 1051, '2019-03-01 18:35:15'),
(1067, 1120, '2019-03-01 18:45:16'),
(1068, 1072, '2019-03-01 18:49:10'),
(1069, 1009, '2019-03-01 19:24:36'),
(1070, 1087, '2019-03-01 19:55:54'),
(1071, 1038, '2019-03-01 20:11:47'),
(1072, 1051, '2019-03-01 20:12:45'),
(1073, 1120, '2019-03-01 20:18:16'),
(1074, 1078, '2019-03-01 20:22:54'),
(1075, 1007, '2019-03-01 20:31:39'),
(1076, 1006, '2019-03-01 20:44:07'),
(1077, 1058, '2019-03-01 20:49:03'),
(1078, 1087, '2019-03-01 20:49:22'),
(1079, 1086, '2019-03-01 21:16:56'),
(1080, 1087, '2019-03-01 21:18:14'),
(1081, 1011, '2019-03-01 21:24:51'),
(1082, 1082, '2019-03-01 21:54:36'),
(1083, 1014, '2019-03-01 22:19:24'),
(1084, 1002, '2019-03-01 22:45:18'),
(1085, 1012, '2019-03-01 23:01:04'),
(1086, 1116, '2019-03-01 23:07:30'),
(1087, 1050, '2019-03-01 23:23:55'),
(1088, 1032, '2019-03-01 23:59:01'),
(1089, 1011, '2019-03-04 00:04:21'),
(1090, 1117, '2019-03-04 00:22:31'),
(1091, 1077, '2019-03-04 00:49:44'),
(1092, 1084, '2019-03-04 00:56:50'),
(1093, 1029, '2019-03-04 01:08:02'),
(1094, 1019, '2019-03-04 01:37:16'),
(1095, 1041, '2019-03-04 01:38:54'),
(1096, 1095, '2019-03-04 01:47:07'),
(1097, 1008, '2019-03-04 01:50:29'),
(1098, 1095, '2019-03-04 01:57:17'),
(1099, 1014, '2019-03-04 01:59:41'),
(1100, 1052, '2019-03-04 02:21:28'),
(1101, 1020, '2019-03-04 02:30:54'),
(1102, 1043, '2019-03-04 02:36:11'),
(1103, 1004, '2019-03-04 02:40:35'),
(1104, 1104, '2019-03-04 02:50:43'),
(1105, 1055, '2019-03-04 02:57:26'),
(1106, 1066, '2019-03-04 02:59:32'),
(1107, 1055, '2019-03-04 03:12:04'),
(1108, 1073, '2019-03-04 03:30:52'),
(1109, 1012, '2019-03-04 03:32:51'),
(1110, 1035, '2019-03-04 04:03:55'),
(1111, 1015, '2019-03-04 04:13:47'),
(1112, 1063, '2019-03-04 04:31:01'),
(1113, 1007, '2019-03-04 04:47:35'),
(1114, 1027, '2019-03-04 04:57:46'),
(1115, 1048, '2019-03-04 05:21:28'),
(1116, 1115, '2019-03-04 05:34:15'),
(1117, 1052, '2019-03-04 05:51:34'),
(1118, 1044, '2019-03-04 06:19:44'),
(1119, 1059, '2019-03-04 07:12:11'),
(1120, 1081, '2019-03-04 07:37:10'),
(1121, 1078, '2019-03-04 07:57:43'),
(1122, 1069, '2019-03-04 07:58:19'),
(1123, 1001, '2019-03-04 08:05:06'),
(1124, 1036, '2019-03-04 08:26:11'),
(1125, 1108, '2019-03-04 08:44:09'),
(1126, 1095, '2019-03-04 08:44:28'),
(1127, 1017, '2019-03-04 08:51:30'),
(1128, 1043, '2019-03-04 09:00:46'),
(1129, 1113, '2019-03-04 09:05:50'),
(1130, 1032, '2019-03-04 09:17:12'),
(1131, 1046, '2019-03-04 09:21:50'),
(1132, 1109, '2019-03-04 09:47:30'),
(1133, 1091, '2019-03-04 10:16:36'),
(1134, 1085, '2019-03-04 10:21:45'),
(1135, 1063, '2019-03-04 10:22:46'),
(1136, 1069, '2019-03-04 10:25:40'),
(1137, 1014, '2019-03-04 10:43:06'),
(1138, 1032, '2019-03-04 10:46:29'),
(1139, 1008, '2019-03-04 10:48:43'),
(1140, 1057, '2019-03-04 11:07:54'),
(1141, 1116, '2019-03-04 11:42:53'),
(1142, 1008, '2019-03-04 11:52:20'),
(1143, 1044, '2019-03-04 12:00:54'),
(1144, 1113, '2019-03-04 12:10:50'),
(1145, 1115, '2019-03-04 12:23:41'),
(1146, 1094, '2019-03-04 12:24:33'),
(1147, 1061, '2019-03-04 12:37:27'),
(1148, 1039, '2019-03-04 12:51:48'),
(1149, 1084, '2019-03-04 13:05:44'),
(1150, 1025, '2019-03-04 13:27:37'),
(1151, 1101, '2019-03-04 13:37:24'),
(1152, 1068, '2019-03-04 13:50:09'),
(1153, 1029, '2019-03-04 14:15:14'),
(1154, 1024, '2019-03-04 14:21:19'),
(1155, 1052, '2019-03-04 14:29:47'),
(1156, 1051, '2019-03-04 14:55:10'),
(1157, 1017, '2019-03-04 15:17:55'),
(1158, 1026, '2019-03-04 15:25:55'),
(1159, 1029, '2019-03-04 15:27:52'),
(1160, 1115, '2019-03-04 15:39:31'),
(1161, 1089, '2019-03-04 15:50:30'),
(1162, 1063, '2019-03-04 16:09:15'),
(1163, 1115, '2019-03-04 16:14:40'),
(1164, 1015, '2019-03-04 16:22:26'),
(1165, 1093, '2019-03-04 16:22:31'),
(1166, 1059, '2019-03-04 16:45:25'),
(1167, 1007, '2019-03-04 16:52:26'),
(1168, 1104, '2019-03-04 17:03:33'),
(1169, 1078, '2019-03-04 17:30:30'),
(1170, 1011, '2019-03-04 17:39:56'),
(1171, 1063, '2019-03-04 17:40:06'),
(1172, 1004, '2019-03-04 18:01:00'),
(1173, 1050, '2019-03-04 18:25:04'),
(1174, 1022, '2019-03-04 19:08:50'),
(1175, 1059, '2019-03-04 19:10:57'),
(1176, 1042, '2019-03-04 19:13:57'),
(1177, 1105, '2019-03-04 19:27:27'),
(1178, 1074, '2019-03-04 19:31:27'),
(1179, 1019, '2019-03-04 19:43:43'),
(1180, 1016, '2019-03-04 20:17:36'),
(1181, 1086, '2019-03-04 20:30:09'),
(1182, 1107, '2019-03-04 21:02:00'),
(1183, 1052, '2019-03-04 21:45:13'),
(1184, 1079, '2019-03-04 21:48:00'),
(1185, 1085, '2019-03-04 21:53:37'),
(1186, 1101, '2019-03-04 22:19:49'),
(1187, 1105, '2019-03-04 22:25:16'),
(1188, 1019, '2019-03-04 22:30:29'),
(1189, 1107, '2019-03-04 22:55:25'),
(1190, 1021, '2019-03-04 23:18:03'),
(1191, 1081, '2019-03-04 23:47:12'),
(1192, 1066, '2019-03-04 23:47:39'),
(1193, 1009, '2019-03-04 23:52:04'),
(1194, 1071, '2019-03-05 00:04:28'),
(1195, 1005, '2019-03-05 00:06:31'),
(1196, 1040, '2019-03-05 00:07:22'),
(1197, 1058, '2019-03-05 00:46:48'),
(1198, 1110, '2019-03-05 00:57:04'),
(1199, 1068, '2019-03-05 01:23:02'),
(1200, 1051, '2019-03-05 01:49:59'),
(1201, 1092, '2019-03-05 01:53:40'),
(1202, 1075, '2019-03-05 02:13:03'),
(1203, 1034, '2019-03-05 02:20:37'),
(1204, 1006, '2019-03-05 02:39:32'),
(1205, 1118, '2019-03-05 02:43:58'),
(1206, 1109, '2019-03-05 02:49:26'),
(1207, 1082, '2019-03-05 02:49:42'),
(1208, 1004, '2019-03-05 03:36:52'),
(1209, 1020, '2019-03-05 03:41:06'),
(1210, 1101, '2019-03-05 03:43:40'),
(1211, 1101, '2019-03-05 04:00:06'),
(1212, 1032, '2019-03-05 04:01:52'),
(1213, 1004, '2019-03-05 04:05:38'),
(1214, 1055, '2019-03-05 04:17:57'),
(1215, 1045, '2019-03-05 04:37:27'),
(1216, 1076, '2019-03-05 05:18:13'),
(1217, 1049, '2019-03-05 05:25:47'),
(1218, 1094, '2019-03-05 05:36:15'),
(1219, 1004, '2019-03-05 05:58:30'),
(1220, 1047, '2019-03-05 06:26:58'),
(1221, 1105, '2019-03-05 06:48:16'),
(1222, 1075, '2019-03-05 07:42:30'),
(1223, 1006, '2019-03-05 08:33:18'),
(1224, 1002, '2019-03-05 08:45:33'),
(1225, 1073, '2019-03-05 08:53:08'),
(1226, 1065, '2019-03-05 09:00:58'),
(1227, 1062, '2019-03-05 09:23:19'),
(1228, 1100, '2019-03-05 09:49:14'),
(1229, 1105, '2019-03-05 09:52:01'),
(1230, 1119, '2019-03-05 10:06:29'),
(1231, 1027, '2019-03-05 10:21:15'),
(1232, 1023, '2019-03-05 10:31:04'),
(1233, 1108, '2019-03-05 11:33:34'),
(1234, 1114, '2019-03-05 11:36:49'),
(1235, 1074, '2019-03-05 11:37:11'),
(1236, 1101, '2019-03-05 12:43:40'),
(1237, 1019, '2019-03-05 13:19:57'),
(1238, 1112, '2019-03-05 13:47:19'),
(1239, 1009, '2019-03-05 13:57:57'),
(1240, 1027, '2019-03-05 14:08:49'),
(1241, 1001, '2019-03-05 14:27:29'),
(1242, 1068, '2019-03-05 14:49:40'),
(1243, 1107, '2019-03-05 14:52:40'),
(1244, 1067, '2019-03-05 14:55:22'),
(1245, 1089, '2019-03-05 14:59:33'),
(1246, 1085, '2019-03-05 15:10:44'),
(1247, 1106, '2019-03-05 15:18:07'),
(1248, 1041, '2019-03-05 15:25:56'),
(1249, 1103, '2019-03-05 15:39:33'),
(1250, 1086, '2019-03-05 15:42:13'),
(1251, 1042, '2019-03-05 15:46:40'),
(1252, 1028, '2019-03-05 15:50:28'),
(1253, 1028, '2019-03-05 15:53:04'),
(1254, 1021, '2019-03-05 16:01:04'),
(1255, 1062, '2019-03-05 16:01:18'),
(1256, 1017, '2019-03-05 17:24:03'),
(1257, 1088, '2019-03-05 17:51:58'),
(1258, 1033, '2019-03-05 17:53:50'),
(1259, 1087, '2019-03-05 17:58:36'),
(1260, 1018, '2019-03-05 18:03:59'),
(1261, 1101, '2019-03-05 18:15:31'),
(1262, 1106, '2019-03-05 18:34:31'),
(1263, 1018, '2019-03-05 19:07:42'),
(1264, 1037, '2019-03-05 19:10:50'),
(1265, 1095, '2019-03-05 19:29:29'),
(1266, 1019, '2019-03-05 19:33:44'),
(1267, 1006, '2019-03-05 19:49:42'),
(1268, 1023, '2019-03-05 19:52:40'),
(1269, 1053, '2019-03-05 19:53:19'),
(1270, 1052, '2019-03-05 20:16:41'),
(1271, 1019, '2019-03-05 20:35:48'),
(1272, 1054, '2019-03-05 20:36:55'),
(1273, 1070, '2019-03-05 20:38:40'),
(1274, 1044, '2019-03-05 21:12:13'),
(1275, 1016, '2019-03-05 21:22:33'),
(1276, 1107, '2019-03-05 22:02:05'),
(1277, 1105, '2019-03-05 22:03:10'),
(1278, 1100, '2019-03-05 23:03:58'),
(1279, 1063, '2019-03-05 23:27:46'),
(1280, 1056, '2019-03-05 23:32:43'),
(1281, 1047, '2019-03-05 23:42:21'),
(1282, 1009, '2019-03-06 00:10:03'),
(1283, 1112, '2019-03-06 00:11:36'),
(1284, 1078, '2019-03-06 00:34:29'),
(1285, 1096, '2019-03-06 00:43:15'),
(1286, 1001, '2019-03-06 00:43:17'),
(1287, 1031, '2019-03-06 00:55:43'),
(1288, 1104, '2019-03-06 00:56:50'),
(1289, 1090, '2019-03-06 01:23:39'),
(1290, 1047, '2019-03-06 01:25:47'),
(1291, 1114, '2019-03-06 02:13:45'),
(1292, 1097, '2019-03-06 02:15:18'),
(1293, 1059, '2019-03-06 02:15:38'),
(1294, 1090, '2019-03-06 02:25:56'),
(1295, 1096, '2019-03-06 02:26:38'),
(1296, 1036, '2019-03-06 02:33:33'),
(1297, 1013, '2019-03-06 02:33:39'),
(1298, 1001, '2019-03-06 02:48:49'),
(1299, 1083, '2019-03-06 03:32:19'),
(1300, 1005, '2019-03-06 03:46:19'),
(1301, 1074, '2019-03-06 03:47:52'),
(1302, 1022, '2019-03-06 04:23:04'),
(1303, 1034, '2019-03-06 04:43:59'),
(1304, 1108, '2019-03-06 04:48:36'),
(1305, 1079, '2019-03-06 04:56:14'),
(1306, 1056, '2019-03-06 04:59:04'),
(1307, 1054, '2019-03-06 05:05:04'),
(1308, 1006, '2019-03-06 05:06:57'),
(1309, 1101, '2019-03-06 05:21:55'),
(1310, 1044, '2019-03-06 06:06:52'),
(1311, 1077, '2019-03-06 06:37:10'),
(1312, 1028, '2019-03-06 06:52:36'),
(1313, 1031, '2019-03-06 07:22:43'),
(1314, 1047, '2019-03-06 07:31:13'),
(1315, 1066, '2019-03-06 07:41:15'),
(1316, 1060, '2019-03-06 07:45:32'),
(1317, 1111, '2019-03-06 07:51:09'),
(1318, 1012, '2019-03-06 07:59:52'),
(1319, 1049, '2019-03-06 08:09:03'),
(1320, 1057, '2019-03-06 08:43:34'),
(1321, 1036, '2019-03-06 08:49:56'),
(1322, 1118, '2019-03-06 08:53:18'),
(1323, 1060, '2019-03-06 08:58:32'),
(1324, 1031, '2019-03-06 09:04:46'),
(1325, 1040, '2019-03-06 09:39:15'),
(1326, 1030, '2019-03-06 10:03:57'),
(1327, 1073, '2019-03-06 10:12:07'),
(1328, 1079, '2019-03-06 10:19:27'),
(1329, 1070, '2019-03-06 10:20:23'),
(1330, 1013, '2019-03-06 10:24:05'),
(1331, 1068, '2019-03-06 10:44:11'),
(1332, 1071, '2019-03-06 10:46:51'),
(1333, 1081, '2019-03-06 11:00:36'),
(1334, 1110, '2019-03-06 11:01:59'),
(1335, 1007, '2019-03-06 11:17:01'),
(1336, 1095, '2019-03-06 11:38:48'),
(1337, 1039, '2019-03-06 11:57:25'),
(1338, 1025, '2019-03-06 12:56:49'),
(1339, 1004, '2019-03-06 13:10:07'),
(1340, 1097, '2019-03-06 13:20:19'),
(1341, 1077, '2019-03-06 14:05:57'),
(1342, 1061, '2019-03-06 14:07:16'),
(1343, 1040, '2019-03-06 14:24:34'),
(1344, 1105, '2019-03-06 14:38:07'),
(1345, 1075, '2019-03-06 14:56:24'),
(1346, 1045, '2019-03-06 15:19:28'),
(1347, 1035, '2019-03-06 15:28:47'),
(1348, 1003, '2019-03-06 15:29:29'),
(1349, 1066, '2019-03-06 15:31:19'),
(1350, 1092, '2019-03-06 16:02:29'),
(1351, 1017, '2019-03-06 16:08:01'),
(1352, 1090, '2019-03-06 16:13:56'),
(1353, 1025, '2019-03-06 16:34:37'),
(1354, 1089, '2019-03-06 16:41:35'),
(1355, 1057, '2019-03-06 16:47:46'),
(1356, 1077, '2019-03-06 16:59:36'),
(1357, 1003, '2019-03-06 17:01:06'),
(1358, 1080, '2019-03-06 17:03:36'),
(1359, 1013, '2019-03-06 17:35:48'),
(1360, 1114, '2019-03-06 18:06:13'),
(1361, 1041, '2019-03-06 18:15:26'),
(1362, 1106, '2019-03-06 18:31:56'),
(1363, 1114, '2019-03-06 18:32:34'),
(1364, 1012, '2019-03-06 19:03:08'),
(1365, 1101, '2019-03-06 19:08:21'),
(1366, 1039, '2019-03-06 19:09:44'),
(1367, 1017, '2019-03-06 19:13:43'),
(1368, 1111, '2019-03-06 19:24:06'),
(1369, 1112, '2019-03-06 19:43:31'),
(1370, 1025, '2019-03-06 20:18:58'),
(1371, 1003, '2019-03-06 20:19:03'),
(1372, 1116, '2019-03-06 20:24:43'),
(1373, 1043, '2019-03-06 20:27:46'),
(1374, 1025, '2019-03-06 20:37:00'),
(1375, 1041, '2019-03-06 20:43:03'),
(1376, 1007, '2019-03-06 20:54:03'),
(1377, 1006, '2019-03-06 21:06:24'),
(1378, 1048, '2019-03-06 21:32:07'),
(1379, 1021, '2019-03-06 21:46:39'),
(1380, 1116, '2019-03-06 21:50:21'),
(1381, 1031, '2019-03-06 21:59:52'),
(1382, 1104, '2019-03-06 22:21:53'),
(1383, 1064, '2019-03-06 22:29:19'),
(1384, 1025, '2019-03-06 22:38:26'),
(1385, 1009, '2019-03-06 22:49:22'),
(1386, 1001, '2019-03-06 22:54:35'),
(1387, 1094, '2019-03-06 23:16:08'),
(1388, 1108, '2019-03-06 23:17:44'),
(1389, 1087, '2019-03-06 23:29:48'),
(1390, 1093, '2019-03-06 23:30:21'),
(1391, 1113, '2019-03-06 23:52:20'),
(1392, 1067, '2019-03-07 00:30:21'),
(1393, 1112, '2019-03-07 00:47:21'),
(1394, 1081, '2019-03-07 01:13:49'),
(1395, 1008, '2019-03-07 01:19:00'),
(1396, 1092, '2019-03-07 01:36:31'),
(1397, 1006, '2019-03-07 02:05:27'),
(1398, 1051, '2019-03-07 02:32:01'),
(1399, 1046, '2019-03-07 03:04:22'),
(1400, 1023, '2019-03-07 03:14:52'),
(1401, 1081, '2019-03-07 03:57:46'),
(1402, 1047, '2019-03-07 04:05:37'),
(1403, 1067, '2019-03-07 04:12:27'),
(1404, 1119, '2019-03-07 04:15:18'),
(1405, 1043, '2019-03-07 04:25:32'),
(1406, 1030, '2019-03-07 04:28:30'),
(1407, 1013, '2019-03-07 04:41:46'),
(1408, 1108, '2019-03-07 04:48:49'),
(1409, 1051, '2019-03-07 04:57:22'),
(1410, 1057, '2019-03-07 05:58:49'),
(1411, 1083, '2019-03-07 06:00:22'),
(1412, 1037, '2019-03-07 06:15:31'),
(1413, 1065, '2019-03-07 06:57:59'),
(1414, 1018, '2019-03-07 06:59:06'),
(1415, 1116, '2019-03-07 07:37:05'),
(1416, 1030, '2019-03-07 09:11:04'),
(1417, 1093, '2019-03-07 09:15:31'),
(1418, 1101, '2019-03-07 09:18:17'),
(1419, 1011, '2019-03-07 10:16:31'),
(1420, 1047, '2019-03-07 10:30:53'),
(1421, 1084, '2019-03-07 10:32:19'),
(1422, 1064, '2019-03-07 10:52:37'),
(1423, 1006, '2019-03-07 11:06:07'),
(1424, 1066, '2019-03-07 11:39:19'),
(1425, 1083, '2019-03-07 11:56:32'),
(1426, 1091, '2019-03-07 12:03:39'),
(1427, 1113, '2019-03-07 12:04:01'),
(1428, 1031, '2019-03-07 12:05:49'),
(1429, 1116, '2019-03-07 12:16:02'),
(1430, 1085, '2019-03-07 12:24:43'),
(1431, 1028, '2019-03-07 12:32:53'),
(1432, 1081, '2019-03-07 12:42:00'),
(1433, 1066, '2019-03-07 13:02:19'),
(1434, 1027, '2019-03-07 13:32:39'),
(1435, 1065, '2019-03-07 13:34:15'),
(1436, 1093, '2019-03-07 13:44:20'),
(1437, 1106, '2019-03-07 13:47:29'),
(1438, 1038, '2019-03-07 14:01:06'),
(1439, 1015, '2019-03-07 14:09:41'),
(1440, 1061, '2019-03-07 14:53:10'),
(1441, 1119, '2019-03-07 14:56:19'),
(1442, 1082, '2019-03-07 15:09:12'),
(1443, 1020, '2019-03-07 15:24:16'),
(1444, 1073, '2019-03-07 15:33:28'),
(1445, 1114, '2019-03-07 16:09:24'),
(1446, 1041, '2019-03-07 16:16:30'),
(1447, 1065, '2019-03-07 16:37:26'),
(1448, 1065, '2019-03-07 16:45:51'),
(1449, 1069, '2019-03-07 16:48:15'),
(1450, 1092, '2019-03-07 17:45:13'),
(1451, 1087, '2019-03-07 17:45:23'),
(1452, 1118, '2019-03-07 17:45:44'),
(1453, 1043, '2019-03-07 18:02:37'),
(1454, 1110, '2019-03-07 18:08:49'),
(1455, 1115, '2019-03-07 18:13:57'),
(1456, 1087, '2019-03-07 18:41:51'),
(1457, 1019, '2019-03-07 19:17:08'),
(1458, 1038, '2019-03-07 19:27:42'),
(1459, 1068, '2019-03-07 19:39:44'),
(1460, 1083, '2019-03-07 19:53:01'),
(1461, 1052, '2019-03-07 19:57:07'),
(1462, 1029, '2019-03-07 20:32:38'),
(1463, 1002, '2019-03-07 20:32:55'),
(1464, 1030, '2019-03-07 21:20:46'),
(1465, 1047, '2019-03-07 21:38:45'),
(1466, 1021, '2019-03-07 22:06:39'),
(1467, 1064, '2019-03-07 22:29:19'),
(1468, 1071, '2019-03-07 22:44:00'),
(1469, 1005, '2019-03-07 22:53:37'),
(1470, 1011, '2019-03-08 00:06:33'),
(1471, 1046, '2019-03-08 00:13:48'),
(1472, 1087, '2019-03-08 00:25:27'),
(1473, 1097, '2019-03-08 00:28:48'),
(1474, 1091, '2019-03-08 00:36:02'),
(1475, 1032, '2019-03-08 00:39:16'),
(1476, 1093, '2019-03-08 00:46:53'),
(1477, 1094, '2019-03-08 01:25:45'),
(1478, 1113, '2019-03-08 02:46:13'),
(1479, 1100, '2019-03-08 02:57:15'),
(1480, 1114, '2019-03-08 03:03:45'),
(1481, 1009, '2019-03-08 03:04:26'),
(1482, 1069, '2019-03-08 03:41:02'),
(1483, 1015, '2019-03-08 03:44:53'),
(1484, 1068, '2019-03-08 03:51:28'),
(1485, 1120, '2019-03-08 04:16:48'),
(1486, 1115, '2019-03-08 04:36:05'),
(1487, 1115, '2019-03-08 04:37:43'),
(1488, 1019, '2019-03-08 04:43:18'),
(1489, 1042, '2019-03-08 04:44:56'),
(1490, 1112, '2019-03-08 04:57:24'),
(1491, 1014, '2019-03-08 05:43:39'),
(1492, 1088, '2019-03-08 05:44:21'),
(1493, 1119, '2019-03-08 05:45:24'),
(1494, 1027, '2019-03-08 05:57:46'),
(1495, 1085, '2019-03-08 05:59:15'),
(1496, 1103, '2019-03-08 06:00:13'),
(1497, 1051, '2019-03-08 06:02:54'),
(1498, 1076, '2019-03-08 06:21:52'),
(1499, 1119, '2019-03-08 06:28:07'),
(1500, 1020, '2019-03-08 06:28:11'),
(1501, 1102, '2019-03-08 06:34:36'),
(1502, 1080, '2019-03-08 06:37:23'),
(1503, 1094, '2019-03-08 06:45:38'),
(1504, 1070, '2019-03-08 07:26:05'),
(1505, 1060, '2019-03-08 07:40:53'),
(1506, 1001, '2019-03-08 08:13:40'),
(1507, 1074, '2019-03-08 08:27:44'),
(1508, 1040, '2019-03-08 08:38:23'),
(1509, 1108, '2019-03-08 08:41:19'),
(1510, 1100, '2019-03-08 09:12:16'),
(1511, 1036, '2019-03-08 09:28:08'),
(1512, 1035, '2019-03-08 10:35:13'),
(1513, 1095, '2019-03-08 10:36:36'),
(1514, 1006, '2019-03-08 10:47:33'),
(1515, 1046, '2019-03-08 11:03:39'),
(1516, 1016, '2019-03-08 11:11:40'),
(1517, 1051, '2019-03-08 11:17:48'),
(1518, 1098, '2019-03-08 12:16:16'),
(1519, 1044, '2019-03-08 12:43:25'),
(1520, 1031, '2019-03-08 12:48:15'),
(1521, 1022, '2019-03-08 13:04:07'),
(1522, 1096, '2019-03-08 13:21:44'),
(1523, 1089, '2019-03-08 13:29:53'),
(1524, 1011, '2019-03-08 13:30:39'),
(1525, 1106, '2019-03-08 13:34:41'),
(1526, 1003, '2019-03-08 13:50:20'),
(1527, 1067, '2019-03-08 13:51:40'),
(1528, 1110, '2019-03-08 14:02:12'),
(1529, 1022, '2019-03-08 14:22:14'),
(1530, 1057, '2019-03-08 14:22:48'),
(1531, 1038, '2019-03-08 14:26:13'),
(1532, 1091, '2019-03-08 14:27:08'),
(1533, 1047, '2019-03-08 14:55:03'),
(1534, 1110, '2019-03-08 15:16:49'),
(1535, 1074, '2019-03-08 15:20:24'),
(1536, 1056, '2019-03-08 15:31:34'),
(1537, 1053, '2019-03-08 15:54:42'),
(1538, 1014, '2019-03-08 15:58:12'),
(1539, 1039, '2019-03-08 15:58:14'),
(1540, 1052, '2019-03-08 16:09:04'),
(1541, 1081, '2019-03-08 16:49:26'),
(1542, 1087, '2019-03-08 16:50:36'),
(1543, 1092, '2019-03-08 16:55:18'),
(1544, 1052, '2019-03-08 17:43:21'),
(1545, 1017, '2019-03-08 18:14:14'),
(1546, 1029, '2019-03-08 18:30:07'),
(1547, 1031, '2019-03-08 18:43:25'),
(1548, 1008, '2019-03-08 18:57:15'),
(1549, 1068, '2019-03-08 19:11:37'),
(1550, 1105, '2019-03-08 19:16:03'),
(1551, 1035, '2019-03-08 19:29:05'),
(1552, 1002, '2019-03-08 19:45:07'),
(1553, 1062, '2019-03-08 20:00:33'),
(1554, 1035, '2019-03-08 20:22:55'),
(1555, 1033, '2019-03-08 21:33:11'),
(1556, 1081, '2019-03-08 21:59:35'),
(1557, 1092, '2019-03-08 22:05:03'),
(1558, 1119, '2019-03-08 22:05:48'),
(1559, 1008, '2019-03-08 22:07:22'),
(1560, 1087, '2019-03-08 22:09:38'),
(1561, 1063, '2019-03-08 22:10:36'),
(1562, 1077, '2019-03-08 22:19:01'),
(1563, 1107, '2019-03-08 22:21:10'),
(1564, 1113, '2019-03-08 22:23:51'),
(1565, 1087, '2019-03-08 22:30:15'),
(1566, 1074, '2019-03-08 22:42:23'),
(1567, 1119, '2019-03-08 22:50:32'),
(1568, 1110, '2019-03-08 23:14:24'),
(1569, 1038, '2019-03-08 23:32:20'),
(1570, 1079, '2019-03-08 23:35:15'),
(1571, 1085, '2019-03-08 23:56:53'),
(1572, 1005, '2019-03-11 00:48:57'),
(1573, 1053, '2019-03-11 01:18:04'),
(1574, 1049, '2019-03-11 02:17:05'),
(1575, 1093, '2019-03-11 02:43:01'),
(1576, 1116, '2019-03-11 03:26:32'),
(1577, 1034, '2019-03-11 03:29:16'),
(1578, 1022, '2019-03-11 03:31:41'),
(1579, 1014, '2019-03-11 04:02:00'),
(1580, 1040, '2019-03-11 04:15:31'),
(1581, 1052, '2019-03-11 04:49:13'),
(1582, 1012, '2019-03-11 05:10:22'),
(1583, 1029, '2019-03-11 05:27:21'),
(1584, 1020, '2019-03-11 05:54:55'),
(1585, 1061, '2019-03-11 06:02:16'),
(1586, 1081, '2019-03-11 06:10:13'),
(1587, 1022, '2019-03-11 06:13:43'),
(1588, 1084, '2019-03-11 06:25:09'),
(1589, 1095, '2019-03-11 06:37:08'),
(1590, 1044, '2019-03-11 06:38:56'),
(1591, 1053, '2019-03-11 06:46:15'),
(1592, 1036, '2019-03-11 06:51:12'),
(1593, 1067, '2019-03-11 07:00:17'),
(1594, 1054, '2019-03-11 07:09:22'),
(1595, 1065, '2019-03-11 07:25:07'),
(1596, 1030, '2019-03-11 07:34:55'),
(1597, 1054, '2019-03-11 07:36:48'),
(1598, 1017, '2019-03-11 07:38:24'),
(1599, 1055, '2019-03-11 07:41:53'),
(1600, 1105, '2019-03-11 07:54:20'),
(1601, 1096, '2019-03-11 07:59:07'),
(1602, 1071, '2019-03-11 08:28:36'),
(1603, 1004, '2019-03-11 08:44:16'),
(1604, 1040, '2019-03-11 08:45:55'),
(1605, 1015, '2019-03-11 08:47:10'),
(1606, 1089, '2019-03-11 09:16:30'),
(1607, 1005, '2019-03-11 09:33:42'),
(1608, 1099, '2019-03-11 09:57:39'),
(1609, 1090, '2019-03-11 09:58:54'),
(1610, 1017, '2019-03-11 10:15:43'),
(1611, 1017, '2019-03-11 10:41:43'),
(1612, 1051, '2019-03-11 10:44:45'),
(1613, 1087, '2019-03-11 10:44:58'),
(1614, 1076, '2019-03-11 10:59:04'),
(1615, 1005, '2019-03-11 11:14:36'),
(1616, 1010, '2019-03-11 11:23:17'),
(1617, 1049, '2019-03-11 11:42:21'),
(1618, 1117, '2019-03-11 12:14:43'),
(1619, 1102, '2019-03-11 12:22:01'),
(1620, 1033, '2019-03-11 12:29:15'),
(1621, 1115, '2019-03-11 12:54:12'),
(1622, 1110, '2019-03-11 12:55:54'),
(1623, 1079, '2019-03-11 13:00:04'),
(1624, 1064, '2019-03-11 13:22:27'),
(1625, 1030, '2019-03-11 13:48:10'),
(1626, 1061, '2019-03-11 13:49:11'),
(1627, 1047, '2019-03-11 13:59:33'),
(1628, 1087, '2019-03-11 14:13:57'),
(1629, 1091, '2019-03-11 14:31:39'),
(1630, 1084, '2019-03-11 15:05:55'),
(1631, 1074, '2019-03-11 15:08:30'),
(1632, 1118, '2019-03-11 15:19:34'),
(1633, 1104, '2019-03-11 15:33:43'),
(1634, 1082, '2019-03-11 15:41:13'),
(1635, 1037, '2019-03-11 15:58:01'),
(1636, 1037, '2019-03-11 16:05:01'),
(1637, 1009, '2019-03-11 16:15:27'),
(1638, 1014, '2019-03-11 16:16:47'),
(1639, 1108, '2019-03-11 16:29:49'),
(1640, 1078, '2019-03-11 17:08:46'),
(1641, 1017, '2019-03-11 17:09:23'),
(1642, 1049, '2019-03-11 17:35:07'),
(1643, 1114, '2019-03-11 17:38:16'),
(1644, 1108, '2019-03-11 17:42:05'),
(1645, 1086, '2019-03-11 17:44:05'),
(1646, 1010, '2019-03-11 17:48:00'),
(1647, 1119, '2019-03-11 17:49:27'),
(1648, 1053, '2019-03-11 18:11:46'),
(1649, 1099, '2019-03-11 18:19:03'),
(1650, 1074, '2019-03-11 18:27:56'),
(1651, 1070, '2019-03-11 18:40:22'),
(1652, 1010, '2019-03-11 18:52:35'),
(1653, 1076, '2019-03-11 18:56:46'),
(1654, 1020, '2019-03-11 19:37:02'),
(1655, 1019, '2019-03-11 19:46:56'),
(1656, 1011, '2019-03-11 20:06:17'),
(1657, 1003, '2019-03-11 20:40:24'),
(1658, 1041, '2019-03-11 21:04:15'),
(1659, 1022, '2019-03-11 21:12:42'),
(1660, 1100, '2019-03-11 21:14:30'),
(1661, 1030, '2019-03-11 21:26:29'),
(1662, 1064, '2019-03-11 21:52:59'),
(1663, 1028, '2019-03-11 21:59:12'),
(1664, 1054, '2019-03-11 22:16:05'),
(1665, 1016, '2019-03-11 22:42:50'),
(1666, 1022, '2019-03-11 22:49:42'),
(1667, 1017, '2019-03-11 23:03:58'),
(1668, 1011, '2019-03-11 23:16:18'),
(1669, 1085, '2019-03-11 23:20:50'),
(1670, 1037, '2019-03-11 23:26:36'),
(1671, 1041, '2019-03-11 23:26:37'),
(1672, 1006, '2019-03-12 00:11:41'),
(1673, 1028, '2019-03-12 00:28:59'),
(1674, 1060, '2019-03-12 00:40:47'),
(1675, 1114, '2019-03-12 00:47:53'),
(1676, 1082, '2019-03-12 01:09:47'),
(1677, 1087, '2019-03-12 01:30:06'),
(1678, 1055, '2019-03-12 01:31:15'),
(1679, 1101, '2019-03-12 01:32:25'),
(1680, 1005, '2019-03-12 01:34:38'),
(1681, 1082, '2019-03-12 01:44:49'),
(1682, 1023, '2019-03-12 02:29:54'),
(1683, 1082, '2019-03-12 02:35:33'),
(1684, 1014, '2019-03-12 02:39:08'),
(1685, 1017, '2019-03-12 02:52:44'),
(1686, 1118, '2019-03-12 02:57:30'),
(1687, 1048, '2019-03-12 03:01:44'),
(1688, 1098, '2019-03-12 03:02:39'),
(1689, 1106, '2019-03-12 03:14:13'),
(1690, 1120, '2019-03-12 03:36:38'),
(1691, 1119, '2019-03-12 03:52:39'),
(1692, 1081, '2019-03-12 04:33:14'),
(1693, 1025, '2019-03-12 04:45:06'),
(1694, 1110, '2019-03-12 04:45:28'),
(1695, 1071, '2019-03-12 04:47:27'),
(1696, 1067, '2019-03-12 04:48:46'),
(1697, 1050, '2019-03-12 05:07:16'),
(1698, 1090, '2019-03-12 05:25:17'),
(1699, 1026, '2019-03-12 05:44:57'),
(1700, 1079, '2019-03-12 05:45:14'),
(1701, 1041, '2019-03-12 05:47:11'),
(1702, 1041, '2019-03-12 06:10:22'),
(1703, 1095, '2019-03-12 06:19:29'),
(1704, 1056, '2019-03-12 06:41:30'),
(1705, 1097, '2019-03-12 06:46:58'),
(1706, 1034, '2019-03-12 06:53:34'),
(1707, 1036, '2019-03-12 06:56:33'),
(1708, 1051, '2019-03-12 06:59:47'),
(1709, 1018, '2019-03-12 07:02:48'),
(1710, 1006, '2019-03-12 07:49:42'),
(1711, 1035, '2019-03-12 07:58:26'),
(1712, 1064, '2019-03-12 08:09:00'),
(1713, 1002, '2019-03-12 08:13:36'),
(1714, 1018, '2019-03-12 08:47:06'),
(1715, 1040, '2019-03-12 09:20:20'),
(1716, 1005, '2019-03-12 09:57:44'),
(1717, 1115, '2019-03-12 10:00:09'),
(1718, 1023, '2019-03-12 10:04:24'),
(1719, 1116, '2019-03-12 10:24:25'),
(1720, 1111, '2019-03-12 10:39:08'),
(1721, 1017, '2019-03-12 10:55:41'),
(1722, 1019, '2019-03-12 11:01:29'),
(1723, 1054, '2019-03-12 11:38:58'),
(1724, 1077, '2019-03-12 11:51:11'),
(1725, 1094, '2019-03-12 11:58:20'),
(1726, 1074, '2019-03-12 13:02:20'),
(1727, 1022, '2019-03-12 13:15:53'),
(1728, 1107, '2019-03-12 13:20:01'),
(1729, 1093, '2019-03-12 13:35:11'),
(1730, 1024, '2019-03-12 13:57:42'),
(1731, 1115, '2019-03-12 14:07:00'),
(1732, 1110, '2019-03-12 14:34:29'),
(1733, 1003, '2019-03-12 14:36:40'),
(1734, 1111, '2019-03-12 14:47:23'),
(1735, 1054, '2019-03-12 14:47:58'),
(1736, 1063, '2019-03-12 16:39:34'),
(1737, 1072, '2019-03-12 16:39:48'),
(1738, 1047, '2019-03-12 16:43:15'),
(1739, 1028, '2019-03-12 16:44:46'),
(1740, 1106, '2019-03-12 16:53:11'),
(1741, 1098, '2019-03-12 17:09:57'),
(1742, 1065, '2019-03-12 17:28:28'),
(1743, 1057, '2019-03-12 17:28:29'),
(1744, 1042, '2019-03-12 18:10:16'),
(1745, 1105, '2019-03-12 18:59:17'),
(1746, 1041, '2019-03-12 19:11:46'),
(1747, 1117, '2019-03-12 19:26:27'),
(1748, 1032, '2019-03-12 19:44:08'),
(1749, 1036, '2019-03-12 20:32:25'),
(1750, 1054, '2019-03-12 20:50:29'),
(1751, 1042, '2019-03-12 20:54:49'),
(1752, 1042, '2019-03-12 21:33:38'),
(1753, 1023, '2019-03-12 22:43:09'),
(1754, 1051, '2019-03-12 22:48:50'),
(1755, 1022, '2019-03-12 23:13:55'),
(1756, 1100, '2019-03-12 23:29:13'),
(1757, 1109, '2019-03-12 23:35:49'),
(1758, 1041, '2019-03-12 23:38:09'),
(1759, 1021, '2019-03-12 23:46:37'),
(1760, 1070, '2019-03-12 23:51:48'),
(1761, 1075, '2019-03-13 00:05:00'),
(1762, 1100, '2019-03-13 00:05:45'),
(1763, 1011, '2019-03-13 00:06:38'),
(1764, 1028, '2019-03-13 00:07:05'),
(1765, 1008, '2019-03-13 00:15:56'),
(1766, 1024, '2019-03-13 00:32:26'),
(1767, 1042, '2019-03-13 00:46:31'),
(1768, 1091, '2019-03-13 00:48:13'),
(1769, 1115, '2019-03-13 01:09:33'),
(1770, 1115, '2019-03-13 01:14:45'),
(1771, 1102, '2019-03-13 01:25:42'),
(1772, 1118, '2019-03-13 01:29:29'),
(1773, 1016, '2019-03-13 02:43:39'),
(1774, 1073, '2019-03-13 03:27:59'),
(1775, 1055, '2019-03-13 04:34:38'),
(1776, 1056, '2019-03-13 04:38:43'),
(1777, 1086, '2019-03-13 05:06:07'),
(1778, 1036, '2019-03-13 05:26:18'),
(1779, 1103, '2019-03-13 05:28:11'),
(1780, 1026, '2019-03-13 05:28:21'),
(1781, 1111, '2019-03-13 05:35:14'),
(1782, 1021, '2019-03-13 05:35:15'),
(1783, 1101, '2019-03-13 06:12:11'),
(1784, 1083, '2019-03-13 06:51:53'),
(1785, 1079, '2019-03-13 07:00:24'),
(1786, 1037, '2019-03-13 07:20:56'),
(1787, 1075, '2019-03-13 08:19:34'),
(1788, 1108, '2019-03-13 08:25:35'),
(1789, 1081, '2019-03-13 08:45:54'),
(1790, 1046, '2019-03-13 08:50:31'),
(1791, 1068, '2019-03-13 08:59:48'),
(1792, 1012, '2019-03-13 09:09:08'),
(1793, 1033, '2019-03-13 09:24:13'),
(1794, 1031, '2019-03-13 09:41:14'),
(1795, 1116, '2019-03-13 09:51:00'),
(1796, 1005, '2019-03-13 10:14:19'),
(1797, 1119, '2019-03-13 10:24:59'),
(1798, 1106, '2019-03-13 10:57:35'),
(1799, 1012, '2019-03-13 11:01:40'),
(1800, 1025, '2019-03-13 11:06:23'),
(1801, 1106, '2019-03-13 11:22:35'),
(1802, 1034, '2019-03-13 11:27:35'),
(1803, 1053, '2019-03-13 11:30:31'),
(1804, 1009, '2019-03-13 11:37:12'),
(1805, 1031, '2019-03-13 11:51:48'),
(1806, 1082, '2019-03-13 12:26:47'),
(1807, 1114, '2019-03-13 13:15:28'),
(1808, 1103, '2019-03-13 13:21:44'),
(1809, 1115, '2019-03-13 13:22:19'),
(1810, 1091, '2019-03-13 14:13:16'),
(1811, 1032, '2019-03-13 14:22:15'),
(1812, 1080, '2019-03-13 14:30:06'),
(1813, 1019, '2019-03-13 14:52:22'),
(1814, 1070, '2019-03-13 15:05:04'),
(1815, 1052, '2019-03-13 16:30:52'),
(1816, 1109, '2019-03-13 16:31:24'),
(1817, 1075, '2019-03-13 16:33:40'),
(1818, 1066, '2019-03-13 16:38:49'),
(1819, 1092, '2019-03-13 16:40:49'),
(1820, 1049, '2019-03-13 17:05:31'),
(1821, 1116, '2019-03-13 17:21:16'),
(1822, 1016, '2019-03-13 17:22:23'),
(1823, 1069, '2019-03-13 17:24:47'),
(1824, 1034, '2019-03-13 17:38:53'),
(1825, 1048, '2019-03-13 17:55:22'),
(1826, 1042, '2019-03-13 18:00:55'),
(1827, 1060, '2019-03-13 18:03:08'),
(1828, 1038, '2019-03-13 18:44:22'),
(1829, 1102, '2019-03-13 19:08:54'),
(1830, 1058, '2019-03-13 19:18:57'),
(1831, 1022, '2019-03-13 19:56:44'),
(1832, 1026, '2019-03-13 20:13:21'),
(1833, 1113, '2019-03-13 20:19:02'),
(1834, 1073, '2019-03-13 20:27:24'),
(1835, 1014, '2019-03-13 20:35:17'),
(1836, 1107, '2019-03-13 20:37:40'),
(1837, 1034, '2019-03-13 21:02:00'),
(1838, 1010, '2019-03-13 21:24:41'),
(1839, 1022, '2019-03-13 22:09:44'),
(1840, 1083, '2019-03-13 22:17:14'),
(1841, 1013, '2019-03-13 22:33:32'),
(1842, 1119, '2019-03-13 22:39:33'),
(1843, 1111, '2019-03-13 22:53:11'),
(1844, 1028, '2019-03-13 23:20:04'),
(1845, 1093, '2019-03-13 23:27:38'),
(1846, 1089, '2019-03-13 23:29:40'),
(1847, 1084, '2019-03-13 23:38:04'),
(1848, 1034, '2019-03-14 00:07:05'),
(1849, 1061, '2019-03-14 01:06:53'),
(1850, 1010, '2019-03-14 01:21:33'),
(1851, 1101, '2019-03-14 01:33:11'),
(1852, 1052, '2019-03-14 01:33:13'),
(1853, 1023, '2019-03-14 01:48:14'),
(1854, 1069, '2019-03-14 02:09:01'),
(1855, 1078, '2019-03-14 02:18:05'),
(1856, 1041, '2019-03-14 02:22:00'),
(1857, 1105, '2019-03-14 02:28:55'),
(1858, 1111, '2019-03-14 02:30:03'),
(1859, 1006, '2019-03-14 02:44:07'),
(1860, 1095, '2019-03-14 02:53:10'),
(1861, 1009, '2019-03-14 03:04:26'),
(1862, 1054, '2019-03-14 03:06:07'),
(1863, 1086, '2019-03-14 03:23:17'),
(1864, 1036, '2019-03-14 03:40:13'),
(1865, 1031, '2019-03-14 03:52:00'),
(1866, 1083, '2019-03-14 04:03:36'),
(1867, 1032, '2019-03-14 04:06:46'),
(1868, 1066, '2019-03-14 04:45:13'),
(1869, 1105, '2019-03-14 05:44:04'),
(1870, 1028, '2019-03-14 06:27:33'),
(1871, 1016, '2019-03-14 06:44:15'),
(1872, 1033, '2019-03-14 07:08:31'),
(1873, 1097, '2019-03-14 07:26:17'),
(1874, 1034, '2019-03-14 08:14:40'),
(1875, 1073, '2019-03-14 08:35:44'),
(1876, 1036, '2019-03-14 08:40:28'),
(1877, 1013, '2019-03-14 08:53:27'),
(1878, 1086, '2019-03-14 08:59:02'),
(1879, 1038, '2019-03-14 09:25:49'),
(1880, 1083, '2019-03-14 09:28:51'),
(1881, 1064, '2019-03-14 09:33:00'),
(1882, 1055, '2019-03-14 09:51:46'),
(1883, 1027, '2019-03-14 10:19:29'),
(1884, 1075, '2019-03-14 10:25:07'),
(1885, 1019, '2019-03-14 10:55:19'),
(1886, 1116, '2019-03-14 10:57:27'),
(1887, 1105, '2019-03-14 11:56:44'),
(1888, 1028, '2019-03-14 12:58:46'),
(1889, 1005, '2019-03-14 13:12:39'),
(1890, 1002, '2019-03-14 13:25:06'),
(1891, 1072, '2019-03-14 13:28:15'),
(1892, 1032, '2019-03-14 13:44:57'),
(1893, 1071, '2019-03-14 14:14:19'),
(1894, 1018, '2019-03-14 14:16:36'),
(1895, 1073, '2019-03-14 14:25:54'),
(1896, 1109, '2019-03-14 14:26:27'),
(1897, 1003, '2019-03-14 14:46:59'),
(1898, 1019, '2019-03-14 14:58:13'),
(1899, 1043, '2019-03-14 15:15:35'),
(1900, 1111, '2019-03-14 15:31:53'),
(1901, 1038, '2019-03-14 15:36:16'),
(1902, 1009, '2019-03-14 15:37:35'),
(1903, 1113, '2019-03-14 15:51:50'),
(1904, 1034, '2019-03-14 16:06:41'),
(1905, 1044, '2019-03-14 16:43:12'),
(1906, 1081, '2019-03-14 17:31:42'),
(1907, 1046, '2019-03-14 17:35:21'),
(1908, 1007, '2019-03-14 17:44:07'),
(1909, 1072, '2019-03-14 17:45:23'),
(1910, 1110, '2019-03-14 17:55:28'),
(1911, 1069, '2019-03-14 18:04:39'),
(1912, 1050, '2019-03-14 18:06:30'),
(1913, 1012, '2019-03-14 18:14:38'),
(1914, 1099, '2019-03-14 18:25:47'),
(1915, 1114, '2019-03-14 18:44:50'),
(1916, 1080, '2019-03-14 18:45:30'),
(1917, 1011, '2019-03-14 18:46:43'),
(1918, 1015, '2019-03-14 19:17:51'),
(1919, 1017, '2019-03-14 19:25:49'),
(1920, 1004, '2019-03-14 19:30:14'),
(1921, 1050, '2019-03-14 19:44:32'),
(1922, 1093, '2019-03-14 19:57:26'),
(1923, 1115, '2019-03-14 19:59:28'),
(1924, 1037, '2019-03-14 20:19:11'),
(1925, 1009, '2019-03-14 20:21:00'),
(1926, 1029, '2019-03-14 20:24:09'),
(1927, 1120, '2019-03-14 20:24:22'),
(1928, 1021, '2019-03-14 20:30:57'),
(1929, 1001, '2019-03-14 20:50:28'),
(1930, 1117, '2019-03-14 20:54:01'),
(1931, 1061, '2019-03-14 20:54:59'),
(1932, 1038, '2019-03-14 21:13:40'),
(1933, 1120, '2019-03-14 21:17:35'),
(1934, 1054, '2019-03-14 21:35:01'),
(1935, 1069, '2019-03-14 21:40:35'),
(1936, 1010, '2019-03-14 21:50:49'),
(1937, 1003, '2019-03-14 21:57:50'),
(1938, 1030, '2019-03-14 22:26:32'),
(1939, 1068, '2019-03-14 22:31:06'),
(1940, 1097, '2019-03-14 22:39:52'),
(1941, 1027, '2019-03-14 22:55:28'),
(1942, 1101, '2019-03-14 23:48:36'),
(1943, 1048, '2019-03-14 23:52:54'),
(1944, 1075, '2019-03-15 00:15:21'),
(1945, 1062, '2019-03-15 00:29:51'),
(1946, 1120, '2019-03-15 00:58:08'),
(1947, 1079, '2019-03-15 01:09:31'),
(1948, 1074, '2019-03-15 01:28:59'),
(1949, 1103, '2019-03-15 01:35:47'),
(1950, 1037, '2019-03-15 01:41:11'),
(1951, 1024, '2019-03-15 01:42:52'),
(1952, 1056, '2019-03-15 02:05:09'),
(1953, 1030, '2019-03-15 02:20:37'),
(1954, 1031, '2019-03-15 02:26:39'),
(1955, 1078, '2019-03-15 03:22:55'),
(1956, 1104, '2019-03-15 03:28:42'),
(1957, 1117, '2019-03-15 03:29:12'),
(1958, 1012, '2019-03-15 05:05:31'),
(1959, 1030, '2019-03-15 05:35:27'),
(1960, 1082, '2019-03-15 05:46:43'),
(1961, 1016, '2019-03-15 06:10:42'),
(1962, 1004, '2019-03-15 06:32:23'),
(1963, 1075, '2019-03-15 07:05:37'),
(1964, 1027, '2019-03-15 07:12:12'),
(1965, 1039, '2019-03-15 07:20:28'),
(1966, 1076, '2019-03-15 07:44:32'),
(1967, 1024, '2019-03-15 07:55:36'),
(1968, 1073, '2019-03-15 08:07:48'),
(1969, 1072, '2019-03-15 08:28:59'),
(1970, 1108, '2019-03-15 08:43:35'),
(1971, 1115, '2019-03-15 08:51:39'),
(1972, 1036, '2019-03-15 08:51:58'),
(1973, 1028, '2019-03-15 09:00:56'),
(1974, 1099, '2019-03-15 09:20:54'),
(1975, 1061, '2019-03-15 09:39:42'),
(1976, 1013, '2019-03-15 10:05:20'),
(1977, 1001, '2019-03-15 10:10:28'),
(1978, 1033, '2019-03-15 10:39:53'),
(1979, 1119, '2019-03-15 10:52:58'),
(1980, 1026, '2019-03-15 11:15:28'),
(1981, 1006, '2019-03-15 11:35:57'),
(1982, 1050, '2019-03-15 11:37:10'),
(1983, 1079, '2019-03-15 11:47:49'),
(1984, 1076, '2019-03-15 12:02:40'),
(1985, 1031, '2019-03-15 12:21:45'),
(1986, 1099, '2019-03-15 12:24:20'),
(1987, 1014, '2019-03-15 12:36:56'),
(1988, 1063, '2019-03-15 12:55:28'),
(1989, 1086, '2019-03-15 13:09:34'),
(1990, 1053, '2019-03-15 13:15:00'),
(1991, 1062, '2019-03-15 13:25:41'),
(1992, 1041, '2019-03-15 13:28:25'),
(1993, 1109, '2019-03-15 13:37:09'),
(1994, 1032, '2019-03-15 13:41:55'),
(1995, 1075, '2019-03-15 14:40:04'),
(1996, 1113, '2019-03-15 14:41:14'),
(1997, 1051, '2019-03-15 14:45:28'),
(1998, 1013, '2019-03-15 15:11:08'),
(1999, 1106, '2019-03-15 15:42:59'),
(2000, 1072, '2019-03-15 15:49:41'),
(2001, 1083, '2019-03-15 15:51:18'),
(2002, 1023, '2019-03-15 15:51:19'),
(2003, 1086, '2019-03-15 16:30:53'),
(2004, 1072, '2019-03-15 16:33:51'),
(2005, 1097, '2019-03-15 16:36:36'),
(2006, 1034, '2019-03-15 16:43:41'),
(2007, 1071, '2019-03-15 17:04:30'),
(2008, 1113, '2019-03-15 17:07:49'),
(2009, 1071, '2019-03-15 17:44:02'),
(2010, 1018, '2019-03-15 17:45:27'),
(2011, 1007, '2019-03-15 17:45:44'),
(2012, 1102, '2019-03-15 17:47:55'),
(2013, 1006, '2019-03-15 18:25:34'),
(2014, 1087, '2019-03-15 18:48:13'),
(2015, 1092, '2019-03-15 18:56:39'),
(2016, 1117, '2019-03-15 18:56:41'),
(2017, 1015, '2019-03-15 19:01:55'),
(2018, 1039, '2019-03-15 19:14:02'),
(2019, 1090, '2019-03-15 19:18:35'),
(2020, 1061, '2019-03-15 19:32:53'),
(2021, 1060, '2019-03-15 20:19:00'),
(2022, 1087, '2019-03-15 20:51:26'),
(2023, 1092, '2019-03-15 21:12:02'),
(2024, 1011, '2019-03-15 21:34:17'),
(2025, 1047, '2019-03-15 21:48:07'),
(2026, 1065, '2019-03-15 21:50:12'),
(2027, 1005, '2019-03-15 21:53:47'),
(2028, 1017, '2019-03-15 22:02:04'),
(2029, 1022, '2019-03-15 22:12:29'),
(2030, 1065, '2019-03-15 22:42:47'),
(2031, 1089, '2019-03-15 23:06:30'),
(2032, 1019, '2019-03-15 23:10:51'),
(2033, 1039, '2019-03-15 23:11:33'),
(2034, 1002, '2019-03-15 23:12:52'),
(2035, 1023, '2019-03-15 23:33:34'),
(2036, 1009, '2019-03-15 23:45:43'),
(2037, 1006, '2019-03-18 00:04:46'),
(2038, 1093, '2019-03-18 00:17:37'),
(2039, 1004, '2019-03-18 00:24:19'),
(2040, 1072, '2019-03-18 00:40:27'),
(2041, 1026, '2019-03-18 01:40:32'),
(2042, 1079, '2019-03-18 02:41:25'),
(2043, 1087, '2019-03-18 03:54:30'),
(2044, 1095, '2019-03-18 04:02:29'),
(2045, 1025, '2019-03-18 04:15:31'),
(2046, 1044, '2019-03-18 04:21:45'),
(2047, 1013, '2019-03-18 04:33:36'),
(2048, 1111, '2019-03-18 04:56:17'),
(2049, 1097, '2019-03-18 04:59:53'),
(2050, 1060, '2019-03-18 05:11:44'),
(2051, 1004, '2019-03-18 05:29:01'),
(2052, 1045, '2019-03-18 05:32:07'),
(2053, 1082, '2019-03-18 05:32:44'),
(2054, 1086, '2019-03-18 05:49:08'),
(2055, 1035, '2019-03-18 05:58:09'),
(2056, 1008, '2019-03-18 06:24:47'),
(2057, 1002, '2019-03-18 06:27:13'),
(2058, 1018, '2019-03-18 06:30:58'),
(2059, 1080, '2019-03-18 06:38:35'),
(2060, 1012, '2019-03-18 06:47:05'),
(2061, 1068, '2019-03-18 07:19:38'),
(2062, 1097, '2019-03-18 07:24:37'),
(2063, 1053, '2019-03-18 07:32:24'),
(2064, 1038, '2019-03-18 07:43:30'),
(2065, 1006, '2019-03-18 08:37:19'),
(2066, 1012, '2019-03-18 08:40:21'),
(2067, 1057, '2019-03-18 08:57:00'),
(2068, 1058, '2019-03-18 09:01:57'),
(2069, 1114, '2019-03-18 09:04:45'),
(2070, 1026, '2019-03-18 09:20:06'),
(2071, 1038, '2019-03-18 09:35:30'),
(2072, 1062, '2019-03-18 09:37:38'),
(2073, 1059, '2019-03-18 10:26:39'),
(2074, 1100, '2019-03-18 10:49:43'),
(2075, 1075, '2019-03-18 11:24:47'),
(2076, 1003, '2019-03-18 11:37:49'),
(2077, 1094, '2019-03-18 11:48:44'),
(2078, 1028, '2019-03-18 12:05:53'),
(2079, 1061, '2019-03-18 12:20:02'),
(2080, 1035, '2019-03-18 12:25:39'),
(2081, 1058, '2019-03-18 12:53:08'),
(2082, 1072, '2019-03-18 13:36:05'),
(2083, 1119, '2019-03-18 13:38:08'),
(2084, 1033, '2019-03-18 13:57:06'),
(2085, 1114, '2019-03-18 14:18:26'),
(2086, 1061, '2019-03-18 14:27:49'),
(2087, 1020, '2019-03-18 14:36:34'),
(2088, 1014, '2019-03-18 14:51:31'),
(2089, 1111, '2019-03-18 15:07:25'),
(2090, 1109, '2019-03-18 15:45:29'),
(2091, 1061, '2019-03-18 15:48:49'),
(2092, 1034, '2019-03-18 16:07:20'),
(2093, 1064, '2019-03-18 16:30:59'),
(2094, 1105, '2019-03-18 16:32:02'),
(2095, 1037, '2019-03-18 16:44:15'),
(2096, 1051, '2019-03-18 16:48:08'),
(2097, 1067, '2019-03-18 16:50:17'),
(2098, 1006, '2019-03-18 17:04:52'),
(2099, 1010, '2019-03-18 17:12:49'),
(2100, 1085, '2019-03-18 17:16:44'),
(2101, 1014, '2019-03-18 17:32:23'),
(2102, 1101, '2019-03-18 17:32:35'),
(2103, 1043, '2019-03-18 17:50:22'),
(2104, 1097, '2019-03-18 17:53:18'),
(2105, 1001, '2019-03-18 17:55:13'),
(2106, 1033, '2019-03-18 18:09:27'),
(2107, 1035, '2019-03-18 18:38:35'),
(2108, 1001, '2019-03-18 18:55:12'),
(2109, 1064, '2019-03-18 18:55:52'),
(2110, 1119, '2019-03-18 19:00:53'),
(2111, 1065, '2019-03-18 19:07:27'),
(2112, 1117, '2019-03-18 19:39:10'),
(2113, 1045, '2019-03-18 19:46:14'),
(2114, 1108, '2019-03-18 20:37:37'),
(2115, 1058, '2019-03-18 20:38:18'),
(2116, 1016, '2019-03-18 20:46:26'),
(2117, 1070, '2019-03-18 20:52:24'),
(2118, 1090, '2019-03-18 20:59:28'),
(2119, 1036, '2019-03-18 22:04:13'),
(2120, 1019, '2019-03-18 22:04:33'),
(2121, 1033, '2019-03-18 22:12:39'),
(2122, 1045, '2019-03-18 22:13:36'),
(2123, 1103, '2019-03-18 22:26:32'),
(2124, 1006, '2019-03-18 22:28:18'),
(2125, 1075, '2019-03-18 22:29:05'),
(2126, 1036, '2019-03-18 22:33:50'),
(2127, 1013, '2019-03-18 22:42:01'),
(2128, 1047, '2019-03-18 23:01:46'),
(2129, 1091, '2019-03-18 23:07:06'),
(2130, 1083, '2019-03-18 23:21:59'),
(2131, 1028, '2019-03-18 23:24:28'),
(2132, 1002, '2019-03-19 00:02:42'),
(2133, 1081, '2019-03-19 00:25:07'),
(2134, 1089, '2019-03-19 00:48:07'),
(2135, 1077, '2019-03-19 01:24:59'),
(2136, 1059, '2019-03-19 01:27:25'),
(2137, 1119, '2019-03-19 01:34:15'),
(2138, 1023, '2019-03-19 01:38:40'),
(2139, 1055, '2019-03-19 01:46:36'),
(2140, 1117, '2019-03-19 01:53:23'),
(2141, 1022, '2019-03-19 02:04:42'),
(2142, 1070, '2019-03-19 02:09:14'),
(2143, 1087, '2019-03-19 03:08:23'),
(2144, 1039, '2019-03-19 03:42:17'),
(2145, 1062, '2019-03-19 03:44:19'),
(2146, 1028, '2019-03-19 03:56:10'),
(2147, 1006, '2019-03-19 04:37:22'),
(2148, 1067, '2019-03-19 04:42:36'),
(2149, 1017, '2019-03-19 04:50:06'),
(2150, 1046, '2019-03-19 04:55:01'),
(2151, 1087, '2019-03-19 05:13:47'),
(2152, 1002, '2019-03-19 05:17:02'),
(2153, 1026, '2019-03-19 05:20:40'),
(2154, 1021, '2019-03-19 05:20:41'),
(2155, 1024, '2019-03-19 06:12:07'),
(2156, 1116, '2019-03-19 06:54:33'),
(2157, 1052, '2019-03-19 07:05:33'),
(2158, 1115, '2019-03-19 07:06:43'),
(2159, 1049, '2019-03-19 07:11:18'),
(2160, 1017, '2019-03-19 07:32:19'),
(2161, 1075, '2019-03-19 07:38:16'),
(2162, 1060, '2019-03-19 07:54:51'),
(2163, 1030, '2019-03-19 08:00:23'),
(2164, 1071, '2019-03-19 08:03:39'),
(2165, 1113, '2019-03-19 08:18:52'),
(2166, 1009, '2019-03-19 08:24:10'),
(2167, 1014, '2019-03-19 08:26:22'),
(2168, 1091, '2019-03-19 08:46:21'),
(2169, 1107, '2019-03-19 09:00:41'),
(2170, 1081, '2019-03-19 10:25:04'),
(2171, 1117, '2019-03-19 10:38:06'),
(2172, 1071, '2019-03-19 10:53:10'),
(2173, 1024, '2019-03-19 11:08:39'),
(2174, 1005, '2019-03-19 11:19:21'),
(2175, 1085, '2019-03-19 11:22:39'),
(2176, 1046, '2019-03-19 11:34:14'),
(2177, 1011, '2019-03-19 11:39:16'),
(2178, 1109, '2019-03-19 12:21:40'),
(2179, 1098, '2019-03-19 12:50:16'),
(2180, 1027, '2019-03-19 13:11:21'),
(2181, 1098, '2019-03-19 13:12:59'),
(2182, 1033, '2019-03-19 13:13:56'),
(2183, 1048, '2019-03-19 14:01:59'),
(2184, 1060, '2019-03-19 14:06:12'),
(2185, 1003, '2019-03-19 14:39:42'),
(2186, 1085, '2019-03-19 14:43:49'),
(2187, 1036, '2019-03-19 15:01:48'),
(2188, 1089, '2019-03-19 15:04:54'),
(2189, 1025, '2019-03-19 15:12:02'),
(2190, 1072, '2019-03-19 15:17:59'),
(2191, 1041, '2019-03-19 15:23:50'),
(2192, 1079, '2019-03-19 15:46:04'),
(2193, 1108, '2019-03-19 16:01:58'),
(2194, 1007, '2019-03-19 16:12:14'),
(2195, 1019, '2019-03-19 16:24:12'),
(2196, 1038, '2019-03-19 16:31:44'),
(2197, 1114, '2019-03-19 17:46:47'),
(2198, 1063, '2019-03-19 17:48:01'),
(2199, 1048, '2019-03-19 17:58:33'),
(2200, 1088, '2019-03-19 18:04:55'),
(2201, 1030, '2019-03-19 18:14:19'),
(2202, 1109, '2019-03-19 18:46:57'),
(2203, 1043, '2019-03-19 19:03:37'),
(2204, 1044, '2019-03-19 19:09:48'),
(2205, 1062, '2019-03-19 19:16:18'),
(2206, 1015, '2019-03-19 19:19:50'),
(2207, 1042, '2019-03-19 19:41:20'),
(2208, 1089, '2019-03-19 19:47:17'),
(2209, 1085, '2019-03-19 20:28:20'),
(2210, 1028, '2019-03-19 20:33:01'),
(2211, 1077, '2019-03-19 20:43:08'),
(2212, 1064, '2019-03-19 20:43:36'),
(2213, 1110, '2019-03-19 21:19:21'),
(2214, 1009, '2019-03-19 22:09:22'),
(2215, 1030, '2019-03-19 22:24:49'),
(2216, 1091, '2019-03-19 23:19:15'),
(2217, 1027, '2019-03-19 23:27:50'),
(2218, 1012, '2019-03-19 23:53:49'),
(2219, 1106, '2019-03-20 00:16:47'),
(2220, 1118, '2019-03-20 00:17:49'),
(2221, 1037, '2019-03-20 00:21:45'),
(2222, 1073, '2019-03-20 00:42:23'),
(2223, 1066, '2019-03-20 01:19:58'),
(2224, 1043, '2019-03-20 01:25:47'),
(2225, 1022, '2019-03-20 01:43:41'),
(2226, 1079, '2019-03-20 03:25:55'),
(2227, 1079, '2019-03-20 03:38:50'),
(2228, 1028, '2019-03-20 04:27:52'),
(2229, 1060, '2019-03-20 05:12:25'),
(2230, 1106, '2019-03-20 05:25:59'),
(2231, 1063, '2019-03-20 05:32:17'),
(2232, 1077, '2019-03-20 05:52:22'),
(2233, 1103, '2019-03-20 05:57:32'),
(2234, 1045, '2019-03-20 06:03:57'),
(2235, 1119, '2019-03-20 06:11:25'),
(2236, 1063, '2019-03-20 06:13:20'),
(2237, 1055, '2019-03-20 06:28:55'),
(2238, 1074, '2019-03-20 06:39:03'),
(2239, 1046, '2019-03-20 07:18:11'),
(2240, 1087, '2019-03-20 07:46:40'),
(2241, 1112, '2019-03-20 08:01:15'),
(2242, 1066, '2019-03-20 08:01:18'),
(2243, 1048, '2019-03-20 08:06:12'),
(2244, 1092, '2019-03-20 08:18:02'),
(2245, 1004, '2019-03-20 08:18:17'),
(2246, 1091, '2019-03-20 08:42:25'),
(2247, 1089, '2019-03-20 08:56:38'),
(2248, 1036, '2019-03-20 09:02:10'),
(2249, 1112, '2019-03-20 09:35:05'),
(2250, 1087, '2019-03-20 10:07:07'),
(2251, 1017, '2019-03-20 10:10:57'),
(2252, 1027, '2019-03-20 10:16:24'),
(2253, 1109, '2019-03-20 10:37:48'),
(2254, 1010, '2019-03-20 11:12:24'),
(2255, 1020, '2019-03-20 11:29:21'),
(2256, 1111, '2019-03-20 11:36:34'),
(2257, 1024, '2019-03-20 12:02:53'),
(2258, 1011, '2019-03-20 12:10:33'),
(2259, 1056, '2019-03-20 12:22:43'),
(2260, 1098, '2019-03-20 12:24:27'),
(2261, 1064, '2019-03-20 12:36:09'),
(2262, 1011, '2019-03-20 12:50:30'),
(2263, 1030, '2019-03-20 13:05:27'),
(2264, 1106, '2019-03-20 13:23:07'),
(2265, 1035, '2019-03-20 13:37:09'),
(2266, 1066, '2019-03-20 13:40:52'),
(2267, 1031, '2019-03-20 13:56:52'),
(2268, 1054, '2019-03-20 14:27:19'),
(2269, 1036, '2019-03-20 15:30:16'),
(2270, 1093, '2019-03-20 15:37:22'),
(2271, 1111, '2019-03-20 15:44:10'),
(2272, 1120, '2019-03-20 16:17:38'),
(2273, 1058, '2019-03-20 16:28:08'),
(2274, 1011, '2019-03-20 17:55:47'),
(2275, 1093, '2019-03-20 18:03:35'),
(2276, 1085, '2019-03-20 18:07:36'),
(2277, 1066, '2019-03-20 18:10:33'),
(2278, 1098, '2019-03-20 18:11:16'),
(2279, 1097, '2019-03-20 18:21:40'),
(2280, 1102, '2019-03-20 18:58:45'),
(2281, 1062, '2019-03-20 19:01:49'),
(2282, 1037, '2019-03-20 19:06:04'),
(2283, 1112, '2019-03-20 19:12:40'),
(2284, 1060, '2019-03-20 19:18:09'),
(2285, 1052, '2019-03-20 19:25:47'),
(2286, 1094, '2019-03-20 20:01:43'),
(2287, 1091, '2019-03-20 20:33:50'),
(2288, 1091, '2019-03-20 20:39:38'),
(2289, 1021, '2019-03-20 20:40:11'),
(2290, 1108, '2019-03-20 21:17:09'),
(2291, 1092, '2019-03-20 21:27:22'),
(2292, 1052, '2019-03-20 21:34:36'),
(2293, 1084, '2019-03-20 22:00:29'),
(2294, 1071, '2019-03-20 22:07:46'),
(2295, 1091, '2019-03-20 22:19:38'),
(2296, 1022, '2019-03-20 22:19:57'),
(2297, 1041, '2019-03-20 22:44:42'),
(2298, 1032, '2019-03-20 23:07:42'),
(2299, 1108, '2019-03-20 23:44:44'),
(2300, 1092, '2019-03-20 23:46:50'),
(2301, 1024, '2019-03-20 23:52:47'),
(2302, 1092, '2019-03-21 00:10:44'),
(2303, 1065, '2019-03-21 00:19:43'),
(2304, 1033, '2019-03-21 00:35:45'),
(2305, 1048, '2019-03-21 01:19:47'),
(2306, 1061, '2019-03-21 01:36:23'),
(2307, 1101, '2019-03-21 01:59:26'),
(2308, 1064, '2019-03-21 02:03:00'),
(2309, 1013, '2019-03-21 02:36:59'),
(2310, 1106, '2019-03-21 02:39:21'),
(2311, 1080, '2019-03-21 02:43:17'),
(2312, 1054, '2019-03-21 03:08:24'),
(2313, 1024, '2019-03-21 03:11:11'),
(2314, 1034, '2019-03-21 03:12:44'),
(2315, 1088, '2019-03-21 03:59:19'),
(2316, 1072, '2019-03-21 04:05:50'),
(2317, 1098, '2019-03-21 04:10:30'),
(2318, 1040, '2019-03-21 04:20:56'),
(2319, 1113, '2019-03-21 04:34:07'),
(2320, 1060, '2019-03-21 04:36:54'),
(2321, 1061, '2019-03-21 04:39:23'),
(2322, 1039, '2019-03-21 04:44:41'),
(2323, 1053, '2019-03-21 04:58:09'),
(2324, 1067, '2019-03-21 05:28:10'),
(2325, 1044, '2019-03-21 05:42:28'),
(2326, 1003, '2019-03-21 05:46:56'),
(2327, 1082, '2019-03-21 06:09:52'),
(2328, 1010, '2019-03-21 07:03:14'),
(2329, 1050, '2019-03-21 07:25:11'),
(2330, 1095, '2019-03-21 07:34:54'),
(2331, 1047, '2019-03-21 07:36:54'),
(2332, 1017, '2019-03-21 08:14:11'),
(2333, 1033, '2019-03-21 08:15:11'),
(2334, 1118, '2019-03-21 08:53:18'),
(2335, 1051, '2019-03-21 08:53:25'),
(2336, 1047, '2019-03-21 08:57:33'),
(2337, 1012, '2019-03-21 09:44:40'),
(2338, 1069, '2019-03-21 09:46:47'),
(2339, 1111, '2019-03-21 10:16:23'),
(2340, 1071, '2019-03-21 10:22:16'),
(2341, 1058, '2019-03-21 10:26:31'),
(2342, 1039, '2019-03-21 10:37:09'),
(2343, 1081, '2019-03-21 10:43:23'),
(2344, 1070, '2019-03-21 11:01:15'),
(2345, 1051, '2019-03-21 11:26:13'),
(2346, 1069, '2019-03-21 11:28:59'),
(2347, 1100, '2019-03-21 11:32:35'),
(2348, 1083, '2019-03-21 11:53:07'),
(2349, 1065, '2019-03-21 12:11:04'),
(2350, 1034, '2019-03-21 12:38:48'),
(2351, 1003, '2019-03-21 12:47:55'),
(2352, 1082, '2019-03-21 13:01:20'),
(2353, 1095, '2019-03-21 13:20:29'),
(2354, 1042, '2019-03-21 13:26:28'),
(2355, 1005, '2019-03-21 13:46:39'),
(2356, 1032, '2019-03-21 14:15:38'),
(2357, 1089, '2019-03-21 14:31:29'),
(2358, 1053, '2019-03-21 15:00:53'),
(2359, 1117, '2019-03-21 15:09:24'),
(2360, 1036, '2019-03-21 15:11:34'),
(2361, 1099, '2019-03-21 15:13:40'),
(2362, 1117, '2019-03-21 15:16:55'),
(2363, 1115, '2019-03-21 15:17:40'),
(2364, 1094, '2019-03-21 16:40:58'),
(2365, 1072, '2019-03-21 17:39:32'),
(2366, 1092, '2019-03-21 17:48:56'),
(2367, 1007, '2019-03-21 18:20:24'),
(2368, 1026, '2019-03-21 18:22:41'),
(2369, 1101, '2019-03-21 18:36:02'),
(2370, 1055, '2019-03-21 18:40:02'),
(2371, 1043, '2019-03-21 19:11:56'),
(2372, 1099, '2019-03-21 19:16:43'),
(2373, 1014, '2019-03-21 19:39:21'),
(2374, 1096, '2019-03-21 19:46:14'),
(2375, 1004, '2019-03-21 19:52:47'),
(2376, 1080, '2019-03-21 20:00:18'),
(2377, 1050, '2019-03-21 20:05:33'),
(2378, 1016, '2019-03-21 20:38:34'),
(2379, 1117, '2019-03-21 20:41:18'),
(2380, 1116, '2019-03-21 20:48:58'),
(2381, 1061, '2019-03-21 21:03:56'),
(2382, 1108, '2019-03-21 21:17:28'),
(2383, 1102, '2019-03-21 21:29:45'),
(2384, 1114, '2019-03-21 22:16:26'),
(2385, 1111, '2019-03-21 22:29:24'),
(2386, 1042, '2019-03-21 22:40:35'),
(2387, 1083, '2019-03-21 23:01:19'),
(2388, 1040, '2019-03-21 23:05:08'),
(2389, 1044, '2019-03-21 23:22:07'),
(2390, 1065, '2019-03-21 23:36:22'),
(2391, 1068, '2019-03-21 23:54:27'),
(2392, 1093, '2019-03-21 23:58:09'),
(2393, 1112, '2019-03-22 00:32:15'),
(2394, 1101, '2019-03-22 00:37:55'),
(2395, 1071, '2019-03-22 00:45:51'),
(2396, 1079, '2019-03-22 00:48:18'),
(2397, 1032, '2019-03-22 01:14:50'),
(2398, 1054, '2019-03-22 01:20:43'),
(2399, 1068, '2019-03-22 01:27:35'),
(2400, 1008, '2019-03-22 02:09:33'),
(2401, 1091, '2019-03-22 02:52:10'),
(2402, 1042, '2019-03-22 02:54:36'),
(2403, 1079, '2019-03-22 03:07:17'),
(2404, 1055, '2019-03-22 03:16:49'),
(2405, 1089, '2019-03-22 03:58:17'),
(2406, 1108, '2019-03-22 04:11:25'),
(2407, 1056, '2019-03-22 04:11:48'),
(2408, 1012, '2019-03-22 04:48:00'),
(2409, 1085, '2019-03-22 05:03:22'),
(2410, 1062, '2019-03-22 05:09:23'),
(2411, 1045, '2019-03-22 05:17:23'),
(2412, 1008, '2019-03-22 05:41:06'),
(2413, 1008, '2019-03-22 05:43:53'),
(2414, 1100, '2019-03-22 05:58:53'),
(2415, 1049, '2019-03-22 06:03:37'),
(2416, 1031, '2019-03-22 06:06:50'),
(2417, 1073, '2019-03-22 06:19:39'),
(2418, 1024, '2019-03-22 06:21:13'),
(2419, 1029, '2019-03-22 06:31:40'),
(2420, 1010, '2019-03-22 06:32:50'),
(2421, 1097, '2019-03-22 06:50:48'),
(2422, 1089, '2019-03-22 07:02:03'),
(2423, 1103, '2019-03-22 07:09:28'),
(2424, 1073, '2019-03-22 07:24:48'),
(2425, 1099, '2019-03-22 07:49:19'),
(2426, 1088, '2019-03-22 08:09:10'),
(2427, 1030, '2019-03-22 08:22:12'),
(2428, 1061, '2019-03-22 08:23:16'),
(2429, 1012, '2019-03-22 08:37:06'),
(2430, 1051, '2019-03-22 09:08:37'),
(2431, 1089, '2019-03-22 09:16:42'),
(2432, 1059, '2019-03-22 09:38:32'),
(2433, 1090, '2019-03-22 09:43:18'),
(2434, 1015, '2019-03-22 10:00:32'),
(2435, 1046, '2019-03-22 10:23:33'),
(2436, 1048, '2019-03-22 10:49:26'),
(2437, 1082, '2019-03-22 11:08:02'),
(2438, 1036, '2019-03-22 11:17:56'),
(2439, 1069, '2019-03-22 11:26:26'),
(2440, 1009, '2019-03-22 11:30:35'),
(2441, 1081, '2019-03-22 11:41:02'),
(2442, 1065, '2019-03-22 11:43:56'),
(2443, 1015, '2019-03-22 12:16:25'),
(2444, 1106, '2019-03-22 12:19:19'),
(2445, 1069, '2019-03-22 12:26:01'),
(2446, 1116, '2019-03-22 12:31:12'),
(2447, 1088, '2019-03-22 12:39:28'),
(2448, 1067, '2019-03-22 13:23:44'),
(2449, 1074, '2019-03-22 13:51:21'),
(2450, 1018, '2019-03-22 14:07:20'),
(2451, 1052, '2019-03-22 14:29:57'),
(2452, 1120, '2019-03-22 14:58:49'),
(2453, 1108, '2019-03-22 15:31:16'),
(2454, 1040, '2019-03-22 15:31:52'),
(2455, 1030, '2019-03-22 15:52:03'),
(2456, 1065, '2019-03-22 15:58:47'),
(2457, 1114, '2019-03-22 16:06:28'),
(2458, 1062, '2019-03-22 16:07:03'),
(2459, 1065, '2019-03-22 16:13:07'),
(2460, 1093, '2019-03-22 16:30:46'),
(2461, 1034, '2019-03-22 16:35:58'),
(2462, 1036, '2019-03-22 16:37:12'),
(2463, 1073, '2019-03-22 16:50:44'),
(2464, 1053, '2019-03-22 17:02:07'),
(2465, 1087, '2019-03-22 17:37:49'),
(2466, 1102, '2019-03-22 17:39:01'),
(2467, 1077, '2019-03-22 17:48:15'),
(2468, 1082, '2019-03-22 17:50:15'),
(2469, 1094, '2019-03-22 18:16:33'),
(2470, 1061, '2019-03-22 18:31:37'),
(2471, 1091, '2019-03-22 18:53:30'),
(2472, 1099, '2019-03-22 18:53:32'),
(2473, 1110, '2019-03-22 18:55:24'),
(2474, 1056, '2019-03-22 19:49:20'),
(2475, 1054, '2019-03-22 20:03:38'),
(2476, 1057, '2019-03-22 20:07:58'),
(2477, 1075, '2019-03-22 20:15:11'),
(2478, 1007, '2019-03-22 20:33:02'),
(2479, 1090, '2019-03-22 20:45:59'),
(2480, 1068, '2019-03-22 20:47:55'),
(2481, 1017, '2019-03-22 21:03:36'),
(2482, 1053, '2019-03-22 21:07:44'),
(2483, 1082, '2019-03-22 21:33:20'),
(2484, 1040, '2019-03-22 21:36:13'),
(2485, 1018, '2019-03-22 21:47:35'),
(2486, 1028, '2019-03-22 21:50:56'),
(2487, 1079, '2019-03-22 21:57:20'),
(2488, 1058, '2019-03-22 22:17:52'),
(2489, 1076, '2019-03-22 22:20:28'),
(2490, 1027, '2019-03-22 22:23:57'),
(2491, 1080, '2019-03-22 22:25:36'),
(2492, 1087, '2019-03-22 22:56:49'),
(2493, 1079, '2019-03-22 22:59:07'),
(2494, 1112, '2019-03-22 23:04:31'),
(2495, 1050, '2019-03-22 23:06:02'),
(2496, 1088, '2019-03-22 23:32:14'),
(2497, 1051, '2019-03-22 23:53:09'),
(2498, 1080, '2019-03-25 00:01:27'),
(2499, 1059, '2019-03-25 00:08:27'),
(2500, 1113, '2019-03-25 00:27:47'),
(2501, 1027, '2019-03-25 00:31:14'),
(2502, 1046, '2019-03-25 01:02:29'),
(2503, 1051, '2019-03-25 01:05:20'),
(2504, 1070, '2019-03-25 02:08:30'),
(2505, 1028, '2019-03-25 02:11:28'),
(2506, 1002, '2019-03-25 02:11:31'),
(2507, 1092, '2019-03-25 02:33:01'),
(2508, 1038, '2019-03-25 02:52:22'),
(2509, 1082, '2019-03-25 02:59:13'),
(2510, 1023, '2019-03-25 03:27:34'),
(2511, 1057, '2019-03-25 03:39:48'),
(2512, 1034, '2019-03-25 03:54:39'),
(2513, 1082, '2019-03-25 03:57:13'),
(2514, 1036, '2019-03-25 04:10:04'),
(2515, 1045, '2019-03-25 04:22:42'),
(2516, 1021, '2019-03-25 04:23:42'),
(2517, 1038, '2019-03-25 04:27:25'),
(2518, 1104, '2019-03-25 04:34:06'),
(2519, 1069, '2019-03-25 04:41:55'),
(2520, 1045, '2019-03-25 05:05:32'),
(2521, 1023, '2019-03-25 05:10:14'),
(2522, 1077, '2019-03-25 05:26:30'),
(2523, 1102, '2019-03-25 05:44:16'),
(2524, 1017, '2019-03-25 06:18:33'),
(2525, 1011, '2019-03-25 06:27:41'),
(2526, 1069, '2019-03-25 06:34:40'),
(2527, 1004, '2019-03-25 06:40:18'),
(2528, 1010, '2019-03-25 06:57:27'),
(2529, 1046, '2019-03-25 06:57:51'),
(2530, 1064, '2019-03-25 07:08:54'),
(2531, 1061, '2019-03-25 07:18:09'),
(2532, 1035, '2019-03-25 07:25:10'),
(2533, 1006, '2019-03-25 07:41:59'),
(2534, 1043, '2019-03-25 07:44:43'),
(2535, 1026, '2019-03-25 07:53:10'),
(2536, 1106, '2019-03-25 08:10:32'),
(2537, 1021, '2019-03-25 08:11:39'),
(2538, 1120, '2019-03-25 08:28:19'),
(2539, 1092, '2019-03-25 08:36:03'),
(2540, 1107, '2019-03-25 08:36:04'),
(2541, 1041, '2019-03-25 08:50:18'),
(2542, 1068, '2019-03-25 09:30:20'),
(2543, 1059, '2019-03-25 09:51:59'),
(2544, 1058, '2019-03-25 09:55:49'),
(2545, 1034, '2019-03-25 09:55:56'),
(2546, 1068, '2019-03-25 11:05:54'),
(2547, 1090, '2019-03-25 11:11:28'),
(2548, 1071, '2019-03-25 11:22:26'),
(2549, 1094, '2019-03-25 11:28:27'),
(2550, 1113, '2019-03-25 12:03:32'),
(2551, 1024, '2019-03-25 12:11:57'),
(2552, 1037, '2019-03-25 12:13:19'),
(2553, 1038, '2019-03-25 12:19:06'),
(2554, 1069, '2019-03-25 12:31:28'),
(2555, 1064, '2019-03-25 12:54:16'),
(2556, 1024, '2019-03-25 13:01:37'),
(2557, 1009, '2019-03-25 13:17:52'),
(2558, 1093, '2019-03-25 13:22:50'),
(2559, 1061, '2019-03-25 13:29:50'),
(2560, 1115, '2019-03-25 13:37:18'),
(2561, 1091, '2019-03-25 13:40:47'),
(2562, 1035, '2019-03-25 13:44:04'),
(2563, 1054, '2019-03-25 13:53:10'),
(2564, 1078, '2019-03-25 13:56:04'),
(2565, 1109, '2019-03-25 13:57:03'),
(2566, 1075, '2019-03-25 14:15:49'),
(2567, 1080, '2019-03-25 14:24:40'),
(2568, 1013, '2019-03-25 14:32:22'),
(2569, 1079, '2019-03-25 14:43:29'),
(2570, 1109, '2019-03-25 14:46:24'),
(2571, 1099, '2019-03-25 14:51:59'),
(2572, 1022, '2019-03-25 15:12:07'),
(2573, 1059, '2019-03-25 15:12:48'),
(2574, 1044, '2019-03-25 15:16:04'),
(2575, 1109, '2019-03-25 15:51:13'),
(2576, 1085, '2019-03-25 16:06:13'),
(2577, 1062, '2019-03-25 16:49:38'),
(2578, 1074, '2019-03-25 17:07:39'),
(2579, 1034, '2019-03-25 17:16:53'),
(2580, 1088, '2019-03-25 17:23:09'),
(2581, 1005, '2019-03-25 17:28:07'),
(2582, 1035, '2019-03-25 17:37:02'),
(2583, 1048, '2019-03-25 17:42:29'),
(2584, 1105, '2019-03-25 17:59:45'),
(2585, 1101, '2019-03-25 18:08:17'),
(2586, 1006, '2019-03-25 18:14:28'),
(2587, 1093, '2019-03-25 18:33:07'),
(2588, 1072, '2019-03-25 18:59:30'),
(2589, 1069, '2019-03-25 19:03:58'),
(2590, 1037, '2019-03-25 20:03:26'),
(2591, 1024, '2019-03-25 20:22:57'),
(2592, 1020, '2019-03-25 20:49:42'),
(2593, 1002, '2019-03-25 21:15:23'),
(2594, 1112, '2019-03-25 21:15:55'),
(2595, 1046, '2019-03-25 21:18:40'),
(2596, 1119, '2019-03-25 21:21:05'),
(2597, 1061, '2019-03-25 21:28:45'),
(2598, 1036, '2019-03-25 21:41:25'),
(2599, 1084, '2019-03-25 21:46:01'),
(2600, 1081, '2019-03-25 21:55:23'),
(2601, 1012, '2019-03-25 21:59:15'),
(2602, 1082, '2019-03-25 22:25:17'),
(2603, 1015, '2019-03-25 22:36:39'),
(2604, 1119, '2019-03-25 22:38:36'),
(2605, 1091, '2019-03-25 23:32:45'),
(2606, 1104, '2019-03-25 23:43:25'),
(2607, 1033, '2019-03-25 23:56:41'),
(2608, 1066, '2019-03-26 00:10:41'),
(2609, 1104, '2019-03-26 00:18:05'),
(2610, 1106, '2019-03-26 00:46:05'),
(2611, 1114, '2019-03-26 00:54:58'),
(2612, 1099, '2019-03-26 00:55:51'),
(2613, 1031, '2019-03-26 01:06:33'),
(2614, 1040, '2019-03-26 01:41:06'),
(2615, 1088, '2019-03-26 02:07:49'),
(2616, 1008, '2019-03-26 02:13:23'),
(2617, 1052, '2019-03-26 02:18:47'),
(2618, 1001, '2019-03-26 03:20:00'),
(2619, 1006, '2019-03-26 03:28:12'),
(2620, 1079, '2019-03-26 03:28:21'),
(2621, 1083, '2019-03-26 03:48:50'),
(2622, 1069, '2019-03-26 03:50:56'),
(2623, 1038, '2019-03-26 03:58:52'),
(2624, 1044, '2019-03-26 04:07:50'),
(2625, 1091, '2019-03-26 04:10:52'),
(2626, 1044, '2019-03-26 04:25:44'),
(2627, 1104, '2019-03-26 04:29:50'),
(2628, 1111, '2019-03-26 04:35:12'),
(2629, 1067, '2019-03-26 04:39:16'),
(2630, 1115, '2019-03-26 04:58:56'),
(2631, 1044, '2019-03-26 05:06:42'),
(2632, 1073, '2019-03-26 05:06:55'),
(2633, 1106, '2019-03-26 05:24:27'),
(2634, 1056, '2019-03-26 05:26:43'),
(2635, 1016, '2019-03-26 05:34:11'),
(2636, 1083, '2019-03-26 05:52:31'),
(2637, 1055, '2019-03-26 05:59:54'),
(2638, 1020, '2019-03-26 06:10:33'),
(2639, 1019, '2019-03-26 06:14:54'),
(2640, 1035, '2019-03-26 06:38:48'),
(2641, 1089, '2019-03-26 07:12:22'),
(2642, 1083, '2019-03-26 07:33:41'),
(2643, 1076, '2019-03-26 08:02:14'),
(2644, 1071, '2019-03-26 08:13:53'),
(2645, 1025, '2019-03-26 08:22:39'),
(2646, 1090, '2019-03-26 08:29:47'),
(2647, 1092, '2019-03-26 08:32:25'),
(2648, 1110, '2019-03-26 08:52:43'),
(2649, 1105, '2019-03-26 09:15:48'),
(2650, 1022, '2019-03-26 09:17:26'),
(2651, 1070, '2019-03-26 09:21:54'),
(2652, 1079, '2019-03-26 09:56:55'),
(2653, 1089, '2019-03-26 10:11:09'),
(2654, 1025, '2019-03-26 10:13:31'),
(2655, 1017, '2019-03-26 10:13:56'),
(2656, 1007, '2019-03-26 10:24:30'),
(2657, 1099, '2019-03-26 10:30:16'),
(2658, 1014, '2019-03-26 10:50:01'),
(2659, 1056, '2019-03-26 10:56:10'),
(2660, 1045, '2019-03-26 10:58:12'),
(2661, 1037, '2019-03-26 11:11:05'),
(2662, 1021, '2019-03-26 11:12:21'),
(2663, 1075, '2019-03-26 11:44:00'),
(2664, 1046, '2019-03-26 11:45:24'),
(2665, 1066, '2019-03-26 12:00:07'),
(2666, 1075, '2019-03-26 12:08:55'),
(2667, 1107, '2019-03-26 12:28:50'),
(2668, 1008, '2019-03-26 12:33:49'),
(2669, 1014, '2019-03-26 12:42:59'),
(2670, 1062, '2019-03-26 12:52:14'),
(2671, 1081, '2019-03-26 13:43:24'),
(2672, 1092, '2019-03-26 13:49:14'),
(2673, 1103, '2019-03-26 14:03:29'),
(2674, 1031, '2019-03-26 14:54:53'),
(2675, 1050, '2019-03-26 14:57:28'),
(2676, 1075, '2019-03-26 15:00:31'),
(2677, 1074, '2019-03-26 15:09:24'),
(2678, 1075, '2019-03-26 15:19:08'),
(2679, 1007, '2019-03-26 15:43:40'),
(2680, 1052, '2019-03-26 15:57:07'),
(2681, 1014, '2019-03-26 16:04:32'),
(2682, 1018, '2019-03-26 16:20:01'),
(2683, 1008, '2019-03-26 16:23:58'),
(2684, 1029, '2019-03-26 16:25:16'),
(2685, 1018, '2019-03-26 16:38:38'),
(2686, 1088, '2019-03-26 17:18:07'),
(2687, 1101, '2019-03-26 17:45:48'),
(2688, 1010, '2019-03-26 17:59:27'),
(2689, 1024, '2019-03-26 19:11:59'),
(2690, 1021, '2019-03-26 19:36:51'),
(2691, 1110, '2019-03-26 19:45:10'),
(2692, 1061, '2019-03-26 19:54:38'),
(2693, 1105, '2019-03-26 19:59:59'),
(2694, 1062, '2019-03-26 20:00:03'),
(2695, 1097, '2019-03-26 20:25:15'),
(2696, 1095, '2019-03-26 20:31:02'),
(2697, 1104, '2019-03-26 20:46:37'),
(2698, 1053, '2019-03-26 21:15:55'),
(2699, 1093, '2019-03-26 21:18:45'),
(2700, 1064, '2019-03-26 21:22:30'),
(2701, 1053, '2019-03-26 21:24:08'),
(2702, 1008, '2019-03-26 21:32:25'),
(2703, 1115, '2019-03-26 21:43:55'),
(2704, 1093, '2019-03-26 21:49:34'),
(2705, 1108, '2019-03-26 21:55:54'),
(2706, 1010, '2019-03-26 21:59:34'),
(2707, 1119, '2019-03-26 22:06:58'),
(2708, 1108, '2019-03-26 22:08:24'),
(2709, 1120, '2019-03-26 22:10:26'),
(2710, 1084, '2019-03-26 22:20:02'),
(2711, 1061, '2019-03-26 22:36:15'),
(2712, 1100, '2019-03-26 22:48:21'),
(2713, 1080, '2019-03-26 22:52:17'),
(2714, 1065, '2019-03-26 23:25:21'),
(2715, 1115, '2019-03-26 23:25:49'),
(2716, 1117, '2019-03-26 23:27:52'),
(2717, 1038, '2019-03-26 23:33:34'),
(2718, 1025, '2019-03-26 23:42:23'),
(2719, 1047, '2019-03-26 23:43:11'),
(2720, 1098, '2019-03-26 23:56:35'),
(2721, 1032, '2019-03-27 00:05:04'),
(2722, 1031, '2019-03-27 00:29:22'),
(2723, 1032, '2019-03-27 00:30:01'),
(2724, 1099, '2019-03-27 00:39:07'),
(2725, 1013, '2019-03-27 00:43:13'),
(2726, 1044, '2019-03-27 00:58:38'),
(2727, 1070, '2019-03-27 01:22:54'),
(2728, 1073, '2019-03-27 01:42:38'),
(2729, 1076, '2019-03-27 02:18:16'),
(2730, 1098, '2019-03-27 02:38:05'),
(2731, 1049, '2019-03-27 03:02:32'),
(2732, 1102, '2019-03-27 03:11:34'),
(2733, 1014, '2019-03-27 03:23:11'),
(2734, 1057, '2019-03-27 03:54:11'),
(2735, 1115, '2019-03-27 04:07:48'),
(2736, 1019, '2019-03-27 04:11:07'),
(2737, 1080, '2019-03-27 04:25:18'),
(2738, 1056, '2019-03-27 04:47:13'),
(2739, 1081, '2019-03-27 06:00:36'),
(2740, 1058, '2019-03-27 06:07:54'),
(2741, 1006, '2019-03-27 06:12:35'),
(2742, 1052, '2019-03-27 06:39:07'),
(2743, 1002, '2019-03-27 06:50:41'),
(2744, 1047, '2019-03-27 06:50:58'),
(2745, 1038, '2019-03-27 06:58:53'),
(2746, 1056, '2019-03-27 07:16:49'),
(2747, 1043, '2019-03-27 07:25:23'),
(2748, 1038, '2019-03-27 07:30:05'),
(2749, 1051, '2019-03-27 07:50:11'),
(2750, 1012, '2019-03-27 08:14:15'),
(2751, 1037, '2019-03-27 08:14:47'),
(2752, 1114, '2019-03-27 08:17:13'),
(2753, 1035, '2019-03-27 09:23:31'),
(2754, 1105, '2019-03-27 09:31:27'),
(2755, 1117, '2019-03-27 09:58:03'),
(2756, 1082, '2019-03-27 10:05:42'),
(2757, 1094, '2019-03-27 10:13:22'),
(2758, 1055, '2019-03-27 10:37:55'),
(2759, 1078, '2019-03-27 10:43:36'),
(2760, 1108, '2019-03-27 11:18:21'),
(2761, 1090, '2019-03-27 12:00:19'),
(2762, 1112, '2019-03-27 12:02:28'),
(2763, 1038, '2019-03-27 12:06:48'),
(2764, 1058, '2019-03-27 12:11:12'),
(2765, 1114, '2019-03-27 12:14:31'),
(2766, 1071, '2019-03-27 12:25:25'),
(2767, 1109, '2019-03-27 13:14:50'),
(2768, 1075, '2019-03-27 13:20:15'),
(2769, 1057, '2019-03-27 13:38:12'),
(2770, 1079, '2019-03-27 13:38:42'),
(2771, 1020, '2019-03-27 13:47:26'),
(2772, 1119, '2019-03-27 14:01:16'),
(2773, 1073, '2019-03-27 15:01:54'),
(2774, 1064, '2019-03-27 15:06:30'),
(2775, 1082, '2019-03-27 15:21:24'),
(2776, 1119, '2019-03-27 15:46:33'),
(2777, 1003, '2019-03-27 15:47:50'),
(2778, 1095, '2019-03-27 15:55:22'),
(2779, 1060, '2019-03-27 16:00:34'),
(2780, 1072, '2019-03-27 16:30:21'),
(2781, 1026, '2019-03-27 16:31:53'),
(2782, 1020, '2019-03-27 17:01:06'),
(2783, 1023, '2019-03-27 17:28:02'),
(2784, 1110, '2019-03-27 17:45:41'),
(2785, 1119, '2019-03-27 17:58:25'),
(2786, 1046, '2019-03-27 18:04:44'),
(2787, 1002, '2019-03-27 18:07:47'),
(2788, 1087, '2019-03-27 18:14:02'),
(2789, 1005, '2019-03-27 18:41:15'),
(2790, 1027, '2019-03-27 18:41:26'),
(2791, 1011, '2019-03-27 18:49:59'),
(2792, 1012, '2019-03-27 18:54:23'),
(2793, 1073, '2019-03-27 19:06:23'),
(2794, 1094, '2019-03-27 19:24:26'),
(2795, 1061, '2019-03-27 19:32:44'),
(2796, 1075, '2019-03-27 19:44:04'),
(2797, 1088, '2019-03-27 19:48:30'),
(2798, 1006, '2019-03-27 20:05:10'),
(2799, 1047, '2019-03-27 20:39:20'),
(2800, 1118, '2019-03-27 20:40:55'),
(2801, 1014, '2019-03-27 20:47:30'),
(2802, 1014, '2019-03-27 21:08:50'),
(2803, 1025, '2019-03-27 21:10:36'),
(2804, 1083, '2019-03-27 21:25:11'),
(2805, 1071, '2019-03-27 22:20:09'),
(2806, 1048, '2019-03-27 23:12:59'),
(2807, 1041, '2019-03-27 23:20:40'),
(2808, 1043, '2019-03-27 23:33:13'),
(2809, 1093, '2019-03-27 23:55:33'),
(2810, 1064, '2019-03-27 23:59:39'),
(2811, 1025, '2019-03-28 00:01:57'),
(2812, 1045, '2019-03-28 00:25:28'),
(2813, 1046, '2019-03-28 00:30:11'),
(2814, 1077, '2019-03-28 00:38:23'),
(2815, 1069, '2019-03-28 01:05:35'),
(2816, 1039, '2019-03-28 01:40:24'),
(2817, 1113, '2019-03-28 01:47:55'),
(2818, 1050, '2019-03-28 02:27:13'),
(2819, 1048, '2019-03-28 02:57:06'),
(2820, 1030, '2019-03-28 03:20:55'),
(2821, 1030, '2019-03-28 03:34:01'),
(2822, 1041, '2019-03-28 03:34:31'),
(2823, 1016, '2019-03-28 03:47:24'),
(2824, 1007, '2019-03-28 04:22:44'),
(2825, 1091, '2019-03-28 04:29:57'),
(2826, 1021, '2019-03-28 04:35:58'),
(2827, 1021, '2019-03-28 04:50:09'),
(2828, 1040, '2019-03-28 05:00:54'),
(2829, 1060, '2019-03-28 05:09:48'),
(2830, 1008, '2019-03-28 05:28:10'),
(2831, 1036, '2019-03-28 05:44:07'),
(2832, 1054, '2019-03-28 06:30:59'),
(2833, 1028, '2019-03-28 06:33:48'),
(2834, 1058, '2019-03-28 06:40:18'),
(2835, 1040, '2019-03-28 06:47:01'),
(2836, 1021, '2019-03-28 06:49:21'),
(2837, 1116, '2019-03-28 07:19:34'),
(2838, 1053, '2019-03-28 07:32:33'),
(2839, 1106, '2019-03-28 07:33:06'),
(2840, 1065, '2019-03-28 07:54:32'),
(2841, 1015, '2019-03-28 08:10:21'),
(2842, 1040, '2019-03-28 08:27:58'),
(2843, 1075, '2019-03-28 08:34:43'),
(2844, 1103, '2019-03-28 08:54:12'),
(2845, 1073, '2019-03-28 08:54:48'),
(2846, 1079, '2019-03-28 09:38:07'),
(2847, 1102, '2019-03-28 09:42:24'),
(2848, 1057, '2019-03-28 10:06:11'),
(2849, 1049, '2019-03-28 10:10:02'),
(2850, 1066, '2019-03-28 10:10:45'),
(2851, 1006, '2019-03-28 10:27:20'),
(2852, 1047, '2019-03-28 10:54:45'),
(2853, 1013, '2019-03-28 11:03:08'),
(2854, 1047, '2019-03-28 11:23:32'),
(2855, 1011, '2019-03-28 11:39:45'),
(2856, 1021, '2019-03-28 11:50:55'),
(2857, 1045, '2019-03-28 12:25:58'),
(2858, 1103, '2019-03-28 12:27:03'),
(2859, 1118, '2019-03-28 12:41:23'),
(2860, 1054, '2019-03-28 12:46:35'),
(2861, 1017, '2019-03-28 12:46:52'),
(2862, 1055, '2019-03-28 12:55:31'),
(2863, 1071, '2019-03-28 12:57:37'),
(2864, 1033, '2019-03-28 12:59:20'),
(2865, 1019, '2019-03-28 13:03:14'),
(2866, 1021, '2019-03-28 13:11:19'),
(2867, 1119, '2019-03-28 13:27:10'),
(2868, 1100, '2019-03-28 13:42:15'),
(2869, 1028, '2019-03-28 13:45:21'),
(2870, 1053, '2019-03-28 13:55:17'),
(2871, 1027, '2019-03-28 14:08:30'),
(2872, 1110, '2019-03-28 14:12:19'),
(2873, 1069, '2019-03-28 14:18:03'),
(2874, 1029, '2019-03-28 14:37:15'),
(2875, 1030, '2019-03-28 14:42:43'),
(2876, 1071, '2019-03-28 14:44:46'),
(2877, 1077, '2019-03-28 14:59:48'),
(2878, 1013, '2019-03-28 15:08:06'),
(2879, 1068, '2019-03-28 15:20:28'),
(2880, 1109, '2019-03-28 15:23:30'),
(2881, 1111, '2019-03-28 15:26:19'),
(2882, 1067, '2019-03-28 15:28:11'),
(2883, 1056, '2019-03-28 15:38:04'),
(2884, 1105, '2019-03-28 15:42:48'),
(2885, 1104, '2019-03-28 15:57:07'),
(2886, 1114, '2019-03-28 16:30:15'),
(2887, 1084, '2019-03-28 16:30:16'),
(2888, 1120, '2019-03-28 17:20:28'),
(2889, 1071, '2019-03-28 17:38:15'),
(2890, 1069, '2019-03-28 17:47:55'),
(2891, 1010, '2019-03-28 18:12:59'),
(2892, 1044, '2019-03-28 18:31:51'),
(2893, 1004, '2019-03-28 18:40:20'),
(2894, 1043, '2019-03-28 18:42:35'),
(2895, 1063, '2019-03-28 18:53:40'),
(2896, 1120, '2019-03-28 18:56:31'),
(2897, 1012, '2019-03-28 19:15:57'),
(2898, 1072, '2019-03-28 19:23:13'),
(2899, 1016, '2019-03-28 19:32:28'),
(2900, 1096, '2019-03-28 19:47:36'),
(2901, 1032, '2019-03-28 20:36:27'),
(2902, 1054, '2019-03-28 20:47:04'),
(2903, 1060, '2019-03-28 20:57:52'),
(2904, 1048, '2019-03-28 21:37:09'),
(2905, 1114, '2019-03-28 21:59:26'),
(2906, 1037, '2019-03-28 22:05:31'),
(2907, 1072, '2019-03-28 22:57:00'),
(2908, 1008, '2019-03-28 23:05:20'),
(2909, 1109, '2019-03-28 23:24:38'),
(2910, 1093, '2019-03-28 23:28:30'),
(2911, 1043, '2019-03-28 23:33:07'),
(2912, 1038, '2019-03-28 23:36:09'),
(2913, 1093, '2019-03-28 23:53:29'),
(2914, 1083, '2019-03-29 00:41:55'),
(2915, 1086, '2019-03-29 00:47:37'),
(2916, 1008, '2019-03-29 01:16:57'),
(2917, 1009, '2019-03-29 01:40:07'),
(2918, 1081, '2019-03-29 01:44:45'),
(2919, 1100, '2019-03-29 01:57:42'),
(2920, 1037, '2019-03-29 02:41:06'),
(2921, 1041, '2019-03-29 02:51:43'),
(2922, 1091, '2019-03-29 03:04:47'),
(2923, 1012, '2019-03-29 03:27:37'),
(2924, 1103, '2019-03-29 03:40:58'),
(2925, 1095, '2019-03-29 03:46:42'),
(2926, 1097, '2019-03-29 03:47:54'),
(2927, 1039, '2019-03-29 04:11:00'),
(2928, 1044, '2019-03-29 04:11:41'),
(2929, 1065, '2019-03-29 04:20:56'),
(2930, 1084, '2019-03-29 04:46:16'),
(2931, 1052, '2019-03-29 04:49:04'),
(2932, 1071, '2019-03-29 05:15:00'),
(2933, 1083, '2019-03-29 05:58:18'),
(2934, 1016, '2019-03-29 06:11:17'),
(2935, 1118, '2019-03-29 06:48:41'),
(2936, 1012, '2019-03-29 07:10:41'),
(2937, 1010, '2019-03-29 07:41:36'),
(2938, 1109, '2019-03-29 07:42:10'),
(2939, 1047, '2019-03-29 07:56:00'),
(2940, 1097, '2019-03-29 08:24:19'),
(2941, 1100, '2019-03-29 08:28:03'),
(2942, 1080, '2019-03-29 08:36:55'),
(2943, 1053, '2019-03-29 08:48:59'),
(2944, 1043, '2019-03-29 09:46:03'),
(2945, 1120, '2019-03-29 09:46:56'),
(2946, 1014, '2019-03-29 10:12:17'),
(2947, 1081, '2019-03-29 10:51:16'),
(2948, 1008, '2019-03-29 10:52:48'),
(2949, 1036, '2019-03-29 10:55:19'),
(2950, 1019, '2019-03-29 10:56:28'),
(2951, 1042, '2019-03-29 11:21:35'),
(2952, 1084, '2019-03-29 11:57:38'),
(2953, 1040, '2019-03-29 12:17:10'),
(2954, 1048, '2019-03-29 12:17:35'),
(2955, 1061, '2019-03-29 12:47:52'),
(2956, 1091, '2019-03-29 12:58:58'),
(2957, 1037, '2019-03-29 13:13:09'),
(2958, 1115, '2019-03-29 13:45:25'),
(2959, 1117, '2019-03-29 13:52:49'),
(2960, 1008, '2019-03-29 14:10:10'),
(2961, 1082, '2019-03-29 14:11:18'),
(2962, 1019, '2019-03-29 14:24:38'),
(2963, 1078, '2019-03-29 14:24:48'),
(2964, 1088, '2019-03-29 14:38:15'),
(2965, 1112, '2019-03-29 14:44:35'),
(2966, 1091, '2019-03-29 14:52:40'),
(2967, 1070, '2019-03-29 14:54:31'),
(2968, 1113, '2019-03-29 16:09:40'),
(2969, 1111, '2019-03-29 16:21:10'),
(2970, 1047, '2019-03-29 16:32:08'),
(2971, 1112, '2019-03-29 16:35:45'),
(2972, 1043, '2019-03-29 16:36:37'),
(2973, 1068, '2019-03-29 16:53:53'),
(2974, 1004, '2019-03-29 16:56:07'),
(2975, 1004, '2019-03-29 16:59:06'),
(2976, 1104, '2019-03-29 17:10:15'),
(2977, 1060, '2019-03-29 17:16:44'),
(2978, 1005, '2019-03-29 17:31:18'),
(2979, 1011, '2019-03-29 18:20:38'),
(2980, 1050, '2019-03-29 18:26:37'),
(2981, 1051, '2019-03-29 19:01:25'),
(2982, 1045, '2019-03-29 19:03:45'),
(2983, 1067, '2019-03-29 19:30:22'),
(2984, 1054, '2019-03-29 19:57:55'),
(2985, 1068, '2019-03-29 20:13:54'),
(2986, 1104, '2019-03-29 21:01:13'),
(2987, 1056, '2019-03-29 21:16:32'),
(2988, 1078, '2019-03-29 21:36:16'),
(2989, 1108, '2019-03-29 22:37:54'),
(2990, 1079, '2019-03-29 22:47:42'),
(2991, 1068, '2019-03-29 22:58:05'),
(2992, 1060, '2019-03-29 23:07:29'),
(2993, 1082, '2019-03-29 23:07:48'),
(2994, 1024, '2019-03-29 23:30:34'),
(2995, 1046, '2019-03-29 23:40:20'),
(2996, 1083, '2019-03-29 23:42:52'),
(2997, 1059, '2019-03-29 23:43:52'),
(2998, 1087, '2019-03-29 23:45:52'),
(2999, 1043, '2019-03-29 23:48:52'),
(3000, 1085, '2019-03-29 23:59:18');




